model_path,model_tag,data_dir,data_tag,goal_image,goal_tag,interval,task,task_tag,avg_progress,timing,avg_per_frame_s,forward_progress,incremental_progress,backward_progress,source_summary,scene_object,video_success,task_matches_scene,goal_success
./pretrained_models/Robo-Dopamine-GRM-2.0-8B-Preview,GRM-2.0-8B,/home/dais/workspace/Robo-Dopamine/aligned_data/pick3fail_1,pick3fail_1,./examples/blank_goal.png,blank,20,pick the carrot and put it on yellow plate,carrot,3.1963195541158655,"{'forward': {'total_s': 21.24, 'num_frames': 31, 'per_frame_s': 0.685}, 'incremental': {'total_s': 19.01, 'num_frames': 31, 'per_frame_s': 0.613}, 'backward': {'total_s': 16.86, 'num_frames': 31, 'per_frame_s': 0.544}}",0.614,0.0,4.288958662347603,5.299999999999994,summary_GRM8B_new,carrot,False,True,False
./pretrained_models/Robo-Dopamine-GRM-2.0-8B-Preview,GRM-2.0-8B,/home/dais/workspace/Robo-Dopamine/aligned_data/pick3fail_1,pick3fail_1,./examples/blank_goal.png,blank,20,pick the bottle and put it on yellow plate,bottle,4.3429066198591535,"{'forward': {'total_s': 17.59, 'num_frames': 31, 'per_frame_s': 0.567}, 'incremental': {'total_s': 19.04, 'num_frames': 31, 'per_frame_s': 0.614}, 'backward': {'total_s': 17.24, 'num_frames': 31, 'per_frame_s': 0.556}}",0.579,3.8,4.228719859577456,5.000000000000004,summary_GRM8B_new,carrot,False,False,False
./pretrained_models/Robo-Dopamine-GRM-2.0-8B-Preview,GRM-2.0-8B,/home/dais/workspace/Robo-Dopamine/aligned_data/pick3fail_1,pick3fail_1,./examples/blank_goal.png,blank,20,pick the white cube and put it on yellow plate,cube,7.57049223333929,"{'forward': {'total_s': 17.61, 'num_frames': 31, 'per_frame_s': 0.568}, 'incremental': {'total_s': 19.09, 'num_frames': 31, 'per_frame_s': 0.616}, 'backward': {'total_s': 16.67, 'num_frames': 31, 'per_frame_s': 0.538}}",0.574,5.0,11.811476700017865,5.900000000000006,summary_GRM8B_new,carrot,False,False,False
./pretrained_models/Robo-Dopamine-GRM-2.0-8B-Preview,GRM-2.0-8B,/home/dais/workspace/Robo-Dopamine/aligned_data/pick3fail_1,pick3fail_1,./examples/blank_goal.png,blank,10,pick the carrot and put it on yellow plate,carrot,9.217055823662555,"{'forward': {'total_s': 35.9, 'num_frames': 61, 'per_frame_s': 0.589}, 'incremental': {'total_s': 37.1, 'num_frames': 61, 'per_frame_s': 0.608}, 'backward': {'total_s': 32.84, 'num_frames': 61, 'per_frame_s': 0.538}}",0.578,4.5,17.851167470987672,5.299999999999994,summary_GRM8B_new,carrot,False,True,False
./pretrained_models/Robo-Dopamine-GRM-2.0-8B-Preview,GRM-2.0-8B,/home/dais/workspace/Robo-Dopamine/aligned_data/pick3fail_1,pick3fail_1,./examples/blank_goal.png,blank,10,pick the bottle and put it on yellow plate,bottle,7.575893193333335,"{'forward': {'total_s': 34.14, 'num_frames': 61, 'per_frame_s': 0.56}, 'incremental': {'total_s': 37.15, 'num_frames': 61, 'per_frame_s': 0.609}, 'backward': {'total_s': 32.72, 'num_frames': 61, 'per_frame_s': 0.536}}",0.568,4.2,13.527679580000001,5.000000000000004,summary_GRM8B_new,carrot,False,False,False
./pretrained_models/Robo-Dopamine-GRM-2.0-8B-Preview,GRM-2.0-8B,/home/dais/workspace/Robo-Dopamine/aligned_data/pick3fail_1,pick3fail_1,./examples/blank_goal.png,blank,10,pick the white cube and put it on yellow plate,cube,8.821053269333332,"{'forward': {'total_s': 34.06, 'num_frames': 61, 'per_frame_s': 0.558}, 'incremental': {'total_s': 37.02, 'num_frames': 61, 'per_frame_s': 0.607}, 'backward': {'total_s': 32.59, 'num_frames': 61, 'per_frame_s': 0.534}}",0.566,5.0,15.863159807999999,5.599999999999994,summary_GRM8B_new,carrot,False,False,False
./pretrained_models/Robo-Dopamine-GRM-2.0-8B-Preview,GRM-2.0-8B,/home/dais/workspace/Robo-Dopamine/aligned_data/pick3fail_4,pick3fail_4,./examples/blank_goal.png,blank,20,pick the carrot and put it on yellow plate,carrot,89.66351620219137,"{'forward': {'total_s': 28.57, 'num_frames': 46, 'per_frame_s': 0.621}, 'incremental': {'total_s': 28.13, 'num_frames': 46, 'per_frame_s': 0.611}, 'backward': {'total_s': 24.46, 'num_frames': 46, 'per_frame_s': 0.532}}",0.588,95.2,83.7905486065741,90.0,summary_GRM8B_new,carrot,False,True,False
./pretrained_models/Robo-Dopamine-GRM-2.0-8B-Preview,GRM-2.0-8B,/home/dais/workspace/Robo-Dopamine/aligned_data/pick3fail_4,pick3fail_4,./examples/blank_goal.png,blank,20,pick the bottle and put it on yellow plate,bottle,36.26684676104441,"{'forward': {'total_s': 25.97, 'num_frames': 46, 'per_frame_s': 0.565}, 'incremental': {'total_s': 27.79, 'num_frames': 46, 'per_frame_s': 0.604}, 'backward': {'total_s': 24.58, 'num_frames': 46, 'per_frame_s': 0.534}}",0.568,40.0,64.30054028313324,4.5000000000000036,summary_GRM8B_new,carrot,False,False,False
./pretrained_models/Robo-Dopamine-GRM-2.0-8B-Preview,GRM-2.0-8B,/home/dais/workspace/Robo-Dopamine/aligned_data/pick3fail_4,pick3fail_4,./examples/blank_goal.png,blank,20,pick the white cube and put it on yellow plate,cube,59.7567764420568,"{'forward': {'total_s': 25.66, 'num_frames': 46, 'per_frame_s': 0.558}, 'incremental': {'total_s': 28.23, 'num_frames': 46, 'per_frame_s': 0.614}, 'backward': {'total_s': 24.66, 'num_frames': 46, 'per_frame_s': 0.536}}",0.569,96.2,83.07032932617038,0.0,summary_GRM8B_new,carrot,False,False,False
./pretrained_models/Robo-Dopamine-GRM-2.0-8B-Preview,GRM-2.0-8B,/home/dais/workspace/Robo-Dopamine/aligned_data/pick3fail_4,pick3fail_4,./examples/blank_goal.png,blank,10,pick the carrot and put it on yellow plate,carrot,73.37350366967814,"{'forward': {'total_s': 53.09, 'num_frames': 91, 'per_frame_s': 0.583}, 'incremental': {'total_s': 55.26, 'num_frames': 91, 'per_frame_s': 0.607}, 'backward': {'total_s': 48.29, 'num_frames': 91, 'per_frame_s': 0.531}}",0.574,95.2,35.42051100903442,89.5,summary_GRM8B_new,carrot,False,True,False
./pretrained_models/Robo-Dopamine-GRM-2.0-8B-Preview,GRM-2.0-8B,/home/dais/workspace/Robo-Dopamine/aligned_data/pick3fail_4,pick3fail_4,./examples/blank_goal.png,blank,10,pick the bottle and put it on yellow plate,bottle,30.506581539081747,"{'forward': {'total_s': 50.52, 'num_frames': 91, 'per_frame_s': 0.555}, 'incremental': {'total_s': 55.0, 'num_frames': 91, 'per_frame_s': 0.604}, 'backward': {'total_s': 48.21, 'num_frames': 91, 'per_frame_s': 0.53}}",0.563,40.0,51.519744617245244,0.0,summary_GRM8B_new,carrot,False,False,False
./pretrained_models/Robo-Dopamine-GRM-2.0-8B-Preview,GRM-2.0-8B,/home/dais/workspace/Robo-Dopamine/aligned_data/pick3fail_4,pick3fail_4,./examples/blank_goal.png,blank,10,pick the white cube and put it on yellow plate,cube,54.31661232164864,"{'forward': {'total_s': 50.77, 'num_frames': 91, 'per_frame_s': 0.558}, 'incremental': {'total_s': 55.1, 'num_frames': 91, 'per_frame_s': 0.606}, 'backward': {'total_s': 48.57, 'num_frames': 91, 'per_frame_s': 0.534}}",0.566,96.2,66.74983696494591,0.0,summary_GRM8B_new,carrot,False,False,False
./pretrained_models/Robo-Dopamine-GRM-2.0-8B-Preview,GRM-2.0-8B,/home/dais/workspace/Robo-Dopamine/aligned_data/pick3fail_7,pick3fail_7,./examples/blank_goal.png,blank,20,pick the carrot and put it on yellow plate,carrot,4.129318215905037,"{'forward': {'total_s': 15.74, 'num_frames': 25, 'per_frame_s': 0.63}, 'incremental': {'total_s': 15.32, 'num_frames': 25, 'per_frame_s': 0.613}, 'backward': {'total_s': 13.55, 'num_frames': 25, 'per_frame_s': 0.542}}",0.595,4.2,3.3879546477151155,4.799999999999994,summary_GRM8B_new,carrot,False,True,False
./pretrained_models/Robo-Dopamine-GRM-2.0-8B-Preview,GRM-2.0-8B,/home/dais/workspace/Robo-Dopamine/aligned_data/pick3fail_7,pick3fail_7,./examples/blank_goal.png,blank,20,pick the bottle and put it on yellow plate,bottle,3.6129048509907378,"{'forward': {'total_s': 14.1, 'num_frames': 25, 'per_frame_s': 0.564}, 'incremental': {'total_s': 15.37, 'num_frames': 25, 'per_frame_s': 0.615}, 'backward': {'total_s': 13.53, 'num_frames': 25, 'per_frame_s': 0.541}}",0.573,3.8,2.23871455297222,4.799999999999994,summary_GRM8B_new,carrot,False,False,False
./pretrained_models/Robo-Dopamine-GRM-2.0-8B-Preview,GRM-2.0-8B,/home/dais/workspace/Robo-Dopamine/aligned_data/pick3fail_7,pick3fail_7,./examples/blank_goal.png,blank,20,pick the white cube and put it on yellow plate,cube,3.4749621974246403,"{'forward': {'total_s': 14.17, 'num_frames': 25, 'per_frame_s': 0.567}, 'incremental': {'total_s': 15.34, 'num_frames': 25, 'per_frame_s': 0.614}, 'backward': {'total_s': 13.27, 'num_frames': 25, 'per_frame_s': 0.531}}",0.571,0.0,5.124886592273928,5.299999999999994,summary_GRM8B_new,carrot,False,False,False
./pretrained_models/Robo-Dopamine-GRM-2.0-8B-Preview,GRM-2.0-8B,/home/dais/workspace/Robo-Dopamine/aligned_data/pick3fail_7,pick3fail_7,./examples/blank_goal.png,blank,10,pick the carrot and put it on yellow plate,carrot,4.830200222486496,"{'forward': {'total_s': 28.75, 'num_frames': 49, 'per_frame_s': 0.587}, 'incremental': {'total_s': 30.0, 'num_frames': 49, 'per_frame_s': 0.612}, 'backward': {'total_s': 25.85, 'num_frames': 49, 'per_frame_s': 0.527}}",0.575,4.3,5.190600667459485,5.000000000000004,summary_GRM8B_new,carrot,False,True,False
./pretrained_models/Robo-Dopamine-GRM-2.0-8B-Preview,GRM-2.0-8B,/home/dais/workspace/Robo-Dopamine/aligned_data/pick3fail_7,pick3fail_7,./examples/blank_goal.png,blank,10,pick the bottle and put it on yellow plate,bottle,4.046995637195248,"{'forward': {'total_s': 27.38, 'num_frames': 49, 'per_frame_s': 0.559}, 'incremental': {'total_s': 29.75, 'num_frames': 49, 'per_frame_s': 0.607}, 'backward': {'total_s': 26.19, 'num_frames': 49, 'per_frame_s': 0.534}}",0.567,4.2,3.14098691158575,4.799999999999994,summary_GRM8B_new,carrot,False,False,False
./pretrained_models/Robo-Dopamine-GRM-2.0-8B-Preview,GRM-2.0-8B,/home/dais/workspace/Robo-Dopamine/aligned_data/pick3fail_7,pick3fail_7,./examples/blank_goal.png,blank,10,pick the white cube and put it on yellow plate,cube,5.43467522904098,"{'forward': {'total_s': 27.0, 'num_frames': 49, 'per_frame_s': 0.551}, 'incremental': {'total_s': 30.0, 'num_frames': 49, 'per_frame_s': 0.612}, 'backward': {'total_s': 26.35, 'num_frames': 49, 'per_frame_s': 0.538}}",0.567,4.2,6.804025687122948,5.299999999999994,summary_GRM8B_new,carrot,False,False,False
./pretrained_models/Robo-Dopamine-GRM-2.0-8B-Preview,GRM-2.0-8B,/home/dais/workspace/Robo-Dopamine/aligned_data/pick3fail_11,pick3fail_11,./examples/blank_goal.png,blank,20,pick the carrot and put it on yellow plate,carrot,2.300773968750277,"{'forward': {'total_s': 18.4, 'num_frames': 29, 'per_frame_s': 0.635}, 'incremental': {'total_s': 17.99, 'num_frames': 29, 'per_frame_s': 0.62}, 'backward': {'total_s': 15.76, 'num_frames': 29, 'per_frame_s': 0.543}}",0.599,0.0,1.6023219062508371,5.299999999999994,summary_GRM8B_new,carrot,False,True,False
./pretrained_models/Robo-Dopamine-GRM-2.0-8B-Preview,GRM-2.0-8B,/home/dais/workspace/Robo-Dopamine/aligned_data/pick3fail_11,pick3fail_11,./examples/blank_goal.png,blank,20,pick the bottle and put it on yellow plate,bottle,2.878371362295437,"{'forward': {'total_s': 16.47, 'num_frames': 29, 'per_frame_s': 0.568}, 'incremental': {'total_s': 17.99, 'num_frames': 29, 'per_frame_s': 0.62}, 'backward': {'total_s': 15.82, 'num_frames': 29, 'per_frame_s': 0.546}}",0.578,0.0,3.8351140868863176,4.799999999999994,summary_GRM8B_new,carrot,False,False,False
./pretrained_models/Robo-Dopamine-GRM-2.0-8B-Preview,GRM-2.0-8B,/home/dais/workspace/Robo-Dopamine/aligned_data/pick3fail_11,pick3fail_11,./examples/blank_goal.png,blank,20,pick the white cube and put it on yellow plate,cube,2.7858647350166605,"{'forward': {'total_s': 16.52, 'num_frames': 29, 'per_frame_s': 0.57}, 'incremental': {'total_s': 17.89, 'num_frames': 29, 'per_frame_s': 0.617}, 'backward': {'total_s': 15.75, 'num_frames': 29, 'per_frame_s': 0.543}}",0.577,0.0,3.0575942050499876,5.299999999999994,summary_GRM8B_new,carrot,False,False,False
./pretrained_models/Robo-Dopamine-GRM-2.0-8B-Preview,GRM-2.0-8B,/home/dais/workspace/Robo-Dopamine/aligned_data/pick3fail_11,pick3fail_11,./examples/blank_goal.png,blank,10,pick the carrot and put it on yellow plate,carrot,3.9647845128262045,"{'forward': {'total_s': 33.87, 'num_frames': 58, 'per_frame_s': 0.584}, 'incremental': {'total_s': 35.49, 'num_frames': 58, 'per_frame_s': 0.612}, 'backward': {'total_s': 31.03, 'num_frames': 58, 'per_frame_s': 0.535}}",0.577,0.0,6.894353538478609,5.000000000000004,summary_GRM8B_new,carrot,False,True,False
./pretrained_models/Robo-Dopamine-GRM-2.0-8B-Preview,GRM-2.0-8B,/home/dais/workspace/Robo-Dopamine/aligned_data/pick3fail_11,pick3fail_11,./examples/blank_goal.png,blank,10,pick the bottle and put it on yellow plate,bottle,2.1730861577929663,"{'forward': {'total_s': 32.19, 'num_frames': 58, 'per_frame_s': 0.555}, 'incremental': {'total_s': 35.23, 'num_frames': 58, 'per_frame_s': 0.607}, 'backward': {'total_s': 30.91, 'num_frames': 58, 'per_frame_s': 0.533}}",0.565,0.0,1.719258473378906,4.799999999999994,summary_GRM8B_new,carrot,False,False,False
./pretrained_models/Robo-Dopamine-GRM-2.0-8B-Preview,GRM-2.0-8B,/home/dais/workspace/Robo-Dopamine/aligned_data/pick3fail_11,pick3fail_11,./examples/blank_goal.png,blank,10,pick the white cube and put it on yellow plate,cube,5.67992086953969,"{'forward': {'total_s': 32.2, 'num_frames': 58, 'per_frame_s': 0.555}, 'incremental': {'total_s': 35.32, 'num_frames': 58, 'per_frame_s': 0.609}, 'backward': {'total_s': 30.97, 'num_frames': 58, 'per_frame_s': 0.534}}",0.566,0.0,11.739762608619078,5.299999999999994,summary_GRM8B_new,carrot,False,False,False
./pretrained_models/Robo-Dopamine-GRM-2.0-8B-Preview,GRM-2.0-8B,/home/dais/workspace/Robo-Dopamine/aligned_data/pick3suc_1,pick3suc_1,./examples/blank_goal.png,blank,20,pick the carrot and put it on yellow plate,carrot,94.55227113021778,"{'forward': {'total_s': 21.52, 'num_frames': 34, 'per_frame_s': 0.633}, 'incremental': {'total_s': 20.93, 'num_frames': 34, 'per_frame_s': 0.616}, 'backward': {'total_s': 18.59, 'num_frames': 34, 'per_frame_s': 0.547}}",0.599,95.5,88.15681339065334,100.0,summary_GRM8B_new,carrot,True,True,True
./pretrained_models/Robo-Dopamine-GRM-2.0-8B-Preview,GRM-2.0-8B,/home/dais/workspace/Robo-Dopamine/aligned_data/pick3suc_1,pick3suc_1,./examples/blank_goal.png,blank,20,pick the bottle and put it on yellow plate,bottle,55.993059769926425,"{'forward': {'total_s': 19.33, 'num_frames': 34, 'per_frame_s': 0.569}, 'incremental': {'total_s': 20.71, 'num_frames': 34, 'per_frame_s': 0.609}, 'backward': {'total_s': 18.36, 'num_frames': 34, 'per_frame_s': 0.54}}",0.573,100.0,67.97917930977927,0.0,summary_GRM8B_new,carrot,True,False,False
./pretrained_models/Robo-Dopamine-GRM-2.0-8B-Preview,GRM-2.0-8B,/home/dais/workspace/Robo-Dopamine/aligned_data/pick3suc_1,pick3suc_1,./examples/blank_goal.png,blank,20,pick the white cube and put it on yellow plate,cube,35.76523000815598,"{'forward': {'total_s': 19.55, 'num_frames': 34, 'per_frame_s': 0.575}, 'incremental': {'total_s': 20.82, 'num_frames': 34, 'per_frame_s': 0.612}, 'backward': {'total_s': 18.38, 'num_frames': 34, 'per_frame_s': 0.541}}",0.576,50.0,57.29569002446795,0.0,summary_GRM8B_new,carrot,True,False,False
./pretrained_models/Robo-Dopamine-GRM-2.0-8B-Preview,GRM-2.0-8B,/home/dais/workspace/Robo-Dopamine/aligned_data/pick3suc_1,pick3suc_1,./examples/blank_goal.png,blank,10,pick the carrot and put it on yellow plate,carrot,82.23185044192793,"{'forward': {'total_s': 39.15, 'num_frames': 67, 'per_frame_s': 0.584}, 'incremental': {'total_s': 41.57, 'num_frames': 67, 'per_frame_s': 0.62}, 'backward': {'total_s': 36.14, 'num_frames': 67, 'per_frame_s': 0.539}}",0.581,95.5,51.1955513257838,100.0,summary_GRM8B_new,carrot,True,True,True
./pretrained_models/Robo-Dopamine-GRM-2.0-8B-Preview,GRM-2.0-8B,/home/dais/workspace/Robo-Dopamine/aligned_data/pick3suc_1,pick3suc_1,./examples/blank_goal.png,blank,10,pick the bottle and put it on yellow plate,bottle,45.29522916666667,"{'forward': {'total_s': 38.12, 'num_frames': 67, 'per_frame_s': 0.569}, 'incremental': {'total_s': 40.92, 'num_frames': 67, 'per_frame_s': 0.611}, 'backward': {'total_s': 35.89, 'num_frames': 67, 'per_frame_s': 0.536}}",0.572,100.0,35.8856875,0.0,summary_GRM8B_new,carrot,True,False,False
./pretrained_models/Robo-Dopamine-GRM-2.0-8B-Preview,GRM-2.0-8B,/home/dais/workspace/Robo-Dopamine/aligned_data/pick3suc_1,pick3suc_1,./examples/blank_goal.png,blank,10,pick the white cube and put it on yellow plate,cube,26.53672079,"{'forward': {'total_s': 37.71, 'num_frames': 67, 'per_frame_s': 0.563}, 'incremental': {'total_s': 40.71, 'num_frames': 67, 'per_frame_s': 0.608}, 'backward': {'total_s': 35.78, 'num_frames': 67, 'per_frame_s': 0.534}}",0.568,50.0,29.610162369999998,0.0,summary_GRM8B_new,carrot,True,False,False
./pretrained_models/Robo-Dopamine-GRM-2.0-8B-Preview,GRM-2.0-8B,/home/dais/workspace/Robo-Dopamine/aligned_data/pick3fail_2_cube,pick3fail_2_cube,./examples/blank_goal.png,blank,20,pick the carrot and put it on yellow plate,carrot,2.6307396419129616,"{'forward': {'total_s': 19.19, 'num_frames': 31, 'per_frame_s': 0.619}, 'incremental': {'total_s': 18.99, 'num_frames': 31, 'per_frame_s': 0.613}, 'backward': {'total_s': 16.77, 'num_frames': 31, 'per_frame_s': 0.541}}",0.591,0.0,2.89221892573888,5.000000000000004,summary_GRM8B_new,cube,False,False,False
./pretrained_models/Robo-Dopamine-GRM-2.0-8B-Preview,GRM-2.0-8B,/home/dais/workspace/Robo-Dopamine/aligned_data/pick3fail_2_cube,pick3fail_2_cube,./examples/blank_goal.png,blank,20,pick the bottle and put it on yellow plate,bottle,2.611582272387078,"{'forward': {'total_s': 17.51, 'num_frames': 31, 'per_frame_s': 0.565}, 'incremental': {'total_s': 19.08, 'num_frames': 31, 'per_frame_s': 0.616}, 'backward': {'total_s': 16.68, 'num_frames': 31, 'per_frame_s': 0.538}}",0.573,0.0,2.834746817161229,5.000000000000004,summary_GRM8B_new,cube,False,False,False
./pretrained_models/Robo-Dopamine-GRM-2.0-8B-Preview,GRM-2.0-8B,/home/dais/workspace/Robo-Dopamine/aligned_data/pick3fail_2_cube,pick3fail_2_cube,./examples/blank_goal.png,blank,20,pick the white cube and put it on yellow plate,cube,2.9286805039244252,"{'forward': {'total_s': 17.47, 'num_frames': 31, 'per_frame_s': 0.563}, 'incremental': {'total_s': 19.05, 'num_frames': 31, 'per_frame_s': 0.615}, 'backward': {'total_s': 17.05, 'num_frames': 31, 'per_frame_s': 0.55}}",0.576,0.0,3.4860415117732817,5.299999999999994,summary_GRM8B_new,cube,False,True,False
./pretrained_models/Robo-Dopamine-GRM-2.0-8B-Preview,GRM-2.0-8B,/home/dais/workspace/Robo-Dopamine/aligned_data/pick3fail_2_cube,pick3fail_2_cube,./examples/blank_goal.png,blank,10,pick the carrot and put it on yellow plate,carrot,3.0653799999999976,"{'forward': {'total_s': 36.4, 'num_frames': 62, 'per_frame_s': 0.587}, 'incremental': {'total_s': 37.56, 'num_frames': 62, 'per_frame_s': 0.606}, 'backward': {'total_s': 33.2, 'num_frames': 62, 'per_frame_s': 0.535}}",0.576,0.0,4.39614,4.799999999999994,summary_GRM8B_new,cube,False,False,False
./pretrained_models/Robo-Dopamine-GRM-2.0-8B-Preview,GRM-2.0-8B,/home/dais/workspace/Robo-Dopamine/aligned_data/pick3fail_2_cube,pick3fail_2_cube,./examples/blank_goal.png,blank,10,pick the bottle and put it on yellow plate,bottle,2.467066666666668,"{'forward': {'total_s': 34.45, 'num_frames': 62, 'per_frame_s': 0.556}, 'incremental': {'total_s': 37.99, 'num_frames': 62, 'per_frame_s': 0.613}, 'backward': {'total_s': 33.26, 'num_frames': 62, 'per_frame_s': 0.536}}",0.568,0.0,2.4012,5.000000000000004,summary_GRM8B_new,cube,False,False,False
./pretrained_models/Robo-Dopamine-GRM-2.0-8B-Preview,GRM-2.0-8B,/home/dais/workspace/Robo-Dopamine/aligned_data/pick3fail_2_cube,pick3fail_2_cube,./examples/blank_goal.png,blank,10,pick the white cube and put it on yellow plate,cube,3.1625033823369235,"{'forward': {'total_s': 34.68, 'num_frames': 62, 'per_frame_s': 0.559}, 'incremental': {'total_s': 37.85, 'num_frames': 62, 'per_frame_s': 0.611}, 'backward': {'total_s': 33.26, 'num_frames': 62, 'per_frame_s': 0.536}}",0.569,0.0,4.187510147010776,5.299999999999994,summary_GRM8B_new,cube,False,True,False
./pretrained_models/Robo-Dopamine-GRM-2.0-8B-Preview,GRM-2.0-8B,/home/dais/workspace/Robo-Dopamine/aligned_data/pick3fail_5_cube,pick3fail_5_cube,./examples/blank_goal.png,blank,20,pick the carrot and put it on yellow plate,carrot,48.57755056110306,"{'forward': {'total_s': 31.65, 'num_frames': 51, 'per_frame_s': 0.621}, 'incremental': {'total_s': 31.61, 'num_frames': 51, 'per_frame_s': 0.62}, 'backward': {'total_s': 27.63, 'num_frames': 51, 'per_frame_s': 0.542}}",0.594,85.0,55.93265168330919,4.799999999999994,summary_GRM8B_new,cube,False,False,False
./pretrained_models/Robo-Dopamine-GRM-2.0-8B-Preview,GRM-2.0-8B,/home/dais/workspace/Robo-Dopamine/aligned_data/pick3fail_5_cube,pick3fail_5_cube,./examples/blank_goal.png,blank,20,pick the bottle and put it on yellow plate,bottle,59.172359700065385,"{'forward': {'total_s': 28.81, 'num_frames': 51, 'per_frame_s': 0.565}, 'incremental': {'total_s': 30.99, 'num_frames': 51, 'per_frame_s': 0.608}, 'backward': {'total_s': 27.33, 'num_frames': 51, 'per_frame_s': 0.536}}",0.57,92.0,85.51707910019617,0.0,summary_GRM8B_new,cube,False,False,False
./pretrained_models/Robo-Dopamine-GRM-2.0-8B-Preview,GRM-2.0-8B,/home/dais/workspace/Robo-Dopamine/aligned_data/pick3fail_5_cube,pick3fail_5_cube,./examples/blank_goal.png,blank,20,pick the white cube and put it on yellow plate,cube,92.64085548795937,"{'forward': {'total_s': 28.64, 'num_frames': 51, 'per_frame_s': 0.562}, 'incremental': {'total_s': 32.66, 'num_frames': 51, 'per_frame_s': 0.64}, 'backward': {'total_s': 27.1, 'num_frames': 51, 'per_frame_s': 0.531}}",0.578,94.7,83.22256646387812,100.0,summary_GRM8B_new,cube,False,True,False
./pretrained_models/Robo-Dopamine-GRM-2.0-8B-Preview,GRM-2.0-8B,/home/dais/workspace/Robo-Dopamine/aligned_data/pick3fail_5_cube,pick3fail_5_cube,./examples/blank_goal.png,blank,10,pick the carrot and put it on yellow plate,carrot,43.17801595121401,"{'forward': {'total_s': 59.81, 'num_frames': 102, 'per_frame_s': 0.586}, 'incremental': {'total_s': 62.87, 'num_frames': 102, 'per_frame_s': 0.616}, 'backward': {'total_s': 54.73, 'num_frames': 102, 'per_frame_s': 0.537}}",0.58,85.0,39.73404785364204,4.799999999999994,summary_GRM8B_new,cube,False,False,False
./pretrained_models/Robo-Dopamine-GRM-2.0-8B-Preview,GRM-2.0-8B,/home/dais/workspace/Robo-Dopamine/aligned_data/pick3fail_5_cube,pick3fail_5_cube,./examples/blank_goal.png,blank,10,pick the bottle and put it on yellow plate,bottle,52.86034971353652,"{'forward': {'total_s': 56.87, 'num_frames': 102, 'per_frame_s': 0.558}, 'incremental': {'total_s': 62.11, 'num_frames': 102, 'per_frame_s': 0.609}, 'backward': {'total_s': 54.48, 'num_frames': 102, 'per_frame_s': 0.534}}",0.567,88.0,70.58104914060957,0.0,summary_GRM8B_new,cube,False,False,False
./pretrained_models/Robo-Dopamine-GRM-2.0-8B-Preview,GRM-2.0-8B,/home/dais/workspace/Robo-Dopamine/aligned_data/pick3fail_5_cube,pick3fail_5_cube,./examples/blank_goal.png,blank,10,pick the white cube and put it on yellow plate,cube,90.88591587452434,"{'forward': {'total_s': 57.16, 'num_frames': 102, 'per_frame_s': 0.56}, 'incremental': {'total_s': 62.52, 'num_frames': 102, 'per_frame_s': 0.613}, 'backward': {'total_s': 54.21, 'num_frames': 102, 'per_frame_s': 0.532}}",0.568,94.7,77.95774762357301,100.0,summary_GRM8B_new,cube,False,True,False
./pretrained_models/Robo-Dopamine-GRM-2.0-8B-Preview,GRM-2.0-8B,/home/dais/workspace/Robo-Dopamine/aligned_data/pick3fail_9_cube,pick3fail_9_cube,./examples/blank_goal.png,blank,20,pick the carrot and put it on yellow plate,carrot,3.443303220279636,"{'forward': {'total_s': 18.08, 'num_frames': 29, 'per_frame_s': 0.624}, 'incremental': {'total_s': 17.83, 'num_frames': 29, 'per_frame_s': 0.615}, 'backward': {'total_s': 15.61, 'num_frames': 29, 'per_frame_s': 0.538}}",0.592,3.8,1.7299096608389144,4.799999999999994,summary_GRM8B_new,cube,False,False,False
./pretrained_models/Robo-Dopamine-GRM-2.0-8B-Preview,GRM-2.0-8B,/home/dais/workspace/Robo-Dopamine/aligned_data/pick3fail_9_cube,pick3fail_9_cube,./examples/blank_goal.png,blank,20,pick the bottle and put it on yellow plate,bottle,3.340411099038984,"{'forward': {'total_s': 16.39, 'num_frames': 29, 'per_frame_s': 0.565}, 'incremental': {'total_s': 17.92, 'num_frames': 29, 'per_frame_s': 0.618}, 'backward': {'total_s': 15.71, 'num_frames': 29, 'per_frame_s': 0.542}}",0.575,3.8,1.4212332971169588,4.799999999999994,summary_GRM8B_new,cube,False,False,False
./pretrained_models/Robo-Dopamine-GRM-2.0-8B-Preview,GRM-2.0-8B,/home/dais/workspace/Robo-Dopamine/aligned_data/pick3fail_9_cube,pick3fail_9_cube,./examples/blank_goal.png,blank,20,pick the white cube and put it on yellow plate,cube,5.375223406232351,"{'forward': {'total_s': 16.39, 'num_frames': 29, 'per_frame_s': 0.565}, 'incremental': {'total_s': 17.81, 'num_frames': 29, 'per_frame_s': 0.614}, 'backward': {'total_s': 15.61, 'num_frames': 29, 'per_frame_s': 0.538}}",0.572,4.5,6.025670218697059,5.599999999999994,summary_GRM8B_new,cube,False,True,False
./pretrained_models/Robo-Dopamine-GRM-2.0-8B-Preview,GRM-2.0-8B,/home/dais/workspace/Robo-Dopamine/aligned_data/pick3fail_9_cube,pick3fail_9_cube,./examples/blank_goal.png,blank,10,pick the carrot and put it on yellow plate,carrot,3.9881374488623735,"{'forward': {'total_s': 33.79, 'num_frames': 58, 'per_frame_s': 0.583}, 'incremental': {'total_s': 35.24, 'num_frames': 58, 'per_frame_s': 0.608}, 'backward': {'total_s': 30.85, 'num_frames': 58, 'per_frame_s': 0.532}}",0.574,3.8,3.1644123465871163,5.000000000000004,summary_GRM8B_new,cube,False,False,False
./pretrained_models/Robo-Dopamine-GRM-2.0-8B-Preview,GRM-2.0-8B,/home/dais/workspace/Robo-Dopamine/aligned_data/pick3fail_9_cube,pick3fail_9_cube,./examples/blank_goal.png,blank,10,pick the bottle and put it on yellow plate,bottle,3.801972753916324,"{'forward': {'total_s': 32.38, 'num_frames': 58, 'per_frame_s': 0.558}, 'incremental': {'total_s': 35.36, 'num_frames': 58, 'per_frame_s': 0.61}, 'backward': {'total_s': 31.45, 'num_frames': 58, 'per_frame_s': 0.542}}",0.57,3.8,3.105918261748969,4.5000000000000036,summary_GRM8B_new,cube,False,False,False
./pretrained_models/Robo-Dopamine-GRM-2.0-8B-Preview,GRM-2.0-8B,/home/dais/workspace/Robo-Dopamine/aligned_data/pick3fail_9_cube,pick3fail_9_cube,./examples/blank_goal.png,blank,10,pick the white cube and put it on yellow plate,cube,10.229968210029586,"{'forward': {'total_s': 32.63, 'num_frames': 58, 'per_frame_s': 0.563}, 'incremental': {'total_s': 35.32, 'num_frames': 58, 'per_frame_s': 0.609}, 'backward': {'total_s': 31.0, 'num_frames': 58, 'per_frame_s': 0.534}}",0.569,4.5,20.889904630088765,5.299999999999994,summary_GRM8B_new,cube,False,True,False
./pretrained_models/Robo-Dopamine-GRM-2.0-8B-Preview,GRM-2.0-8B,/home/dais/workspace/Robo-Dopamine/aligned_data/pick3fail_13_cube,pick3fail_13_cube,./examples/blank_goal.png,blank,20,pick the carrot and put it on yellow plate,carrot,3.4393064733936085,"{'forward': {'total_s': 22.08, 'num_frames': 35, 'per_frame_s': 0.631}, 'incremental': {'total_s': 21.45, 'num_frames': 35, 'per_frame_s': 0.613}, 'backward': {'total_s': 18.85, 'num_frames': 35, 'per_frame_s': 0.539}}",0.594,4.2,1.3179194201808309,4.799999999999994,summary_GRM8B_new,cube,False,False,False
./pretrained_models/Robo-Dopamine-GRM-2.0-8B-Preview,GRM-2.0-8B,/home/dais/workspace/Robo-Dopamine/aligned_data/pick3fail_13_cube,pick3fail_13_cube,./examples/blank_goal.png,blank,20,pick the bottle and put it on yellow plate,bottle,2.613709425928775,"{'forward': {'total_s': 20.0, 'num_frames': 35, 'per_frame_s': 0.571}, 'incremental': {'total_s': 21.4, 'num_frames': 35, 'per_frame_s': 0.611}, 'backward': {'total_s': 18.86, 'num_frames': 35, 'per_frame_s': 0.539}}",0.574,0.0,3.0411282777863313,4.799999999999994,summary_GRM8B_new,cube,False,False,False
./pretrained_models/Robo-Dopamine-GRM-2.0-8B-Preview,GRM-2.0-8B,/home/dais/workspace/Robo-Dopamine/aligned_data/pick3fail_13_cube,pick3fail_13_cube,./examples/blank_goal.png,blank,20,pick the white cube and put it on yellow plate,cube,6.702001627048928,"{'forward': {'total_s': 19.75, 'num_frames': 35, 'per_frame_s': 0.564}, 'incremental': {'total_s': 21.55, 'num_frames': 35, 'per_frame_s': 0.616}, 'backward': {'total_s': 18.87, 'num_frames': 35, 'per_frame_s': 0.539}}",0.573,4.8,10.00600488114679,5.299999999999994,summary_GRM8B_new,cube,False,True,False
./pretrained_models/Robo-Dopamine-GRM-2.0-8B-Preview,GRM-2.0-8B,/home/dais/workspace/Robo-Dopamine/aligned_data/pick3fail_13_cube,pick3fail_13_cube,./examples/blank_goal.png,blank,10,pick the carrot and put it on yellow plate,carrot,3.319066568832513,"{'forward': {'total_s': 40.24, 'num_frames': 69, 'per_frame_s': 0.583}, 'incremental': {'total_s': 41.96, 'num_frames': 69, 'per_frame_s': 0.608}, 'backward': {'total_s': 36.63, 'num_frames': 69, 'per_frame_s': 0.531}}",0.574,4.2,0.7571997064975342,5.000000000000004,summary_GRM8B_new,cube,False,False,False
./pretrained_models/Robo-Dopamine-GRM-2.0-8B-Preview,GRM-2.0-8B,/home/dais/workspace/Robo-Dopamine/aligned_data/pick3fail_13_cube,pick3fail_13_cube,./examples/blank_goal.png,blank,10,pick the bottle and put it on yellow plate,bottle,1.9439469934779605,"{'forward': {'total_s': 38.58, 'num_frames': 69, 'per_frame_s': 0.559}, 'incremental': {'total_s': 41.79, 'num_frames': 69, 'per_frame_s': 0.606}, 'backward': {'total_s': 36.97, 'num_frames': 69, 'per_frame_s': 0.536}}",0.567,0.0,1.0318409804338875,4.799999999999994,summary_GRM8B_new,cube,False,False,False
./pretrained_models/Robo-Dopamine-GRM-2.0-8B-Preview,GRM-2.0-8B,/home/dais/workspace/Robo-Dopamine/aligned_data/pick3fail_13_cube,pick3fail_13_cube,./examples/blank_goal.png,blank,10,pick the white cube and put it on yellow plate,cube,4.35541512824484,"{'forward': {'total_s': 38.81, 'num_frames': 69, 'per_frame_s': 0.562}, 'incremental': {'total_s': 42.45, 'num_frames': 69, 'per_frame_s': 0.615}, 'backward': {'total_s': 36.94, 'num_frames': 69, 'per_frame_s': 0.535}}",0.571,4.8,2.9662453847345294,5.299999999999994,summary_GRM8B_new,cube,False,True,False
./pretrained_models/Robo-Dopamine-GRM-2.0-8B-Preview,GRM-2.0-8B,/home/dais/workspace/Robo-Dopamine/aligned_data/pick3suc_4_cube,pick3suc_4_cube,./examples/blank_goal.png,blank,20,pick the carrot and put it on yellow plate,carrot,34.9439564869567,"{'forward': {'total_s': 21.33, 'num_frames': 34, 'per_frame_s': 0.627}, 'incremental': {'total_s': 20.9, 'num_frames': 34, 'per_frame_s': 0.615}, 'backward': {'total_s': 18.66, 'num_frames': 34, 'per_frame_s': 0.549}}",0.597,50.0,50.031869460870105,4.799999999999994,summary_GRM8B_new,cube,True,False,False
./pretrained_models/Robo-Dopamine-GRM-2.0-8B-Preview,GRM-2.0-8B,/home/dais/workspace/Robo-Dopamine/aligned_data/pick3suc_4_cube,pick3suc_4_cube,./examples/blank_goal.png,blank,20,pick the bottle and put it on yellow plate,bottle,43.552060786444116,"{'forward': {'total_s': 19.3, 'num_frames': 34, 'per_frame_s': 0.568}, 'incremental': {'total_s': 20.84, 'num_frames': 34, 'per_frame_s': 0.613}, 'backward': {'total_s': 18.33, 'num_frames': 34, 'per_frame_s': 0.539}}",0.573,50.0,76.15618235933235,4.5000000000000036,summary_GRM8B_new,cube,True,False,False
./pretrained_models/Robo-Dopamine-GRM-2.0-8B-Preview,GRM-2.0-8B,/home/dais/workspace/Robo-Dopamine/aligned_data/pick3suc_4_cube,pick3suc_4_cube,./examples/blank_goal.png,blank,20,pick the white cube and put it on yellow plate,cube,93.80337038506796,"{'forward': {'total_s': 19.51, 'num_frames': 34, 'per_frame_s': 0.574}, 'incremental': {'total_s': 20.81, 'num_frames': 34, 'per_frame_s': 0.612}, 'backward': {'total_s': 18.29, 'num_frames': 34, 'per_frame_s': 0.538}}",0.575,94.1,87.31011115520387,100.0,summary_GRM8B_new,cube,True,True,True
./pretrained_models/Robo-Dopamine-GRM-2.0-8B-Preview,GRM-2.0-8B,/home/dais/workspace/Robo-Dopamine/aligned_data/pick3suc_4_cube,pick3suc_4_cube,./examples/blank_goal.png,blank,10,pick the carrot and put it on yellow plate,carrot,27.177547501546282,"{'forward': {'total_s': 40.12, 'num_frames': 68, 'per_frame_s': 0.59}, 'incremental': {'total_s': 41.19, 'num_frames': 68, 'per_frame_s': 0.606}, 'backward': {'total_s': 36.16, 'num_frames': 68, 'per_frame_s': 0.532}}",0.576,44.0,32.73264250463885,4.799999999999994,summary_GRM8B_new,cube,True,False,False
./pretrained_models/Robo-Dopamine-GRM-2.0-8B-Preview,GRM-2.0-8B,/home/dais/workspace/Robo-Dopamine/aligned_data/pick3suc_4_cube,pick3suc_4_cube,./examples/blank_goal.png,blank,10,pick the bottle and put it on yellow plate,bottle,31.507986097695834,"{'forward': {'total_s': 38.39, 'num_frames': 68, 'per_frame_s': 0.564}, 'incremental': {'total_s': 41.17, 'num_frames': 68, 'per_frame_s': 0.605}, 'backward': {'total_s': 36.49, 'num_frames': 68, 'per_frame_s': 0.537}}",0.569,50.0,40.0239582930875,4.5000000000000036,summary_GRM8B_new,cube,True,False,False
./pretrained_models/Robo-Dopamine-GRM-2.0-8B-Preview,GRM-2.0-8B,/home/dais/workspace/Robo-Dopamine/aligned_data/pick3suc_4_cube,pick3suc_4_cube,./examples/blank_goal.png,blank,10,pick the white cube and put it on yellow plate,cube,90.42461291552637,"{'forward': {'total_s': 38.06, 'num_frames': 68, 'per_frame_s': 0.56}, 'incremental': {'total_s': 41.24, 'num_frames': 68, 'per_frame_s': 0.607}, 'backward': {'total_s': 36.49, 'num_frames': 68, 'per_frame_s': 0.537}}",0.568,94.4,76.87383874657907,100.0,summary_GRM8B_new,cube,True,True,True
./pretrained_models/Robo-Dopamine-GRM-2.0-8B-Preview,GRM-2.0-8B,/home/dais/workspace/Robo-Dopamine/aligned_data/pick3fail_3_bottle,pick3fail_3_bottle,./examples/blank_goal.png,blank,20,pick the carrot and put it on yellow plate,carrot,4.403374201767673,"{'forward': {'total_s': 17.49, 'num_frames': 28, 'per_frame_s': 0.625}, 'incremental': {'total_s': 16.99, 'num_frames': 28, 'per_frame_s': 0.607}, 'backward': {'total_s': 15.42, 'num_frames': 28, 'per_frame_s': 0.551}}",0.594,4.2,4.010122605303016,5.000000000000004,summary_GRM8B_new,bottle,False,False,False
./pretrained_models/Robo-Dopamine-GRM-2.0-8B-Preview,GRM-2.0-8B,/home/dais/workspace/Robo-Dopamine/aligned_data/pick3fail_3_bottle,pick3fail_3_bottle,./examples/blank_goal.png,blank,20,pick the bottle and put it on yellow plate,bottle,2.2167158549312043,"{'forward': {'total_s': 15.99, 'num_frames': 28, 'per_frame_s': 0.571}, 'incremental': {'total_s': 17.27, 'num_frames': 28, 'per_frame_s': 0.617}, 'backward': {'total_s': 15.12, 'num_frames': 28, 'per_frame_s': 0.54}}",0.576,0.0,1.6501475647936088,5.000000000000004,summary_GRM8B_new,bottle,False,True,False
./pretrained_models/Robo-Dopamine-GRM-2.0-8B-Preview,GRM-2.0-8B,/home/dais/workspace/Robo-Dopamine/aligned_data/pick3fail_3_bottle,pick3fail_3_bottle,./examples/blank_goal.png,blank,20,pick the white cube and put it on yellow plate,cube,4.0388151208254035,"{'forward': {'total_s': 15.8, 'num_frames': 28, 'per_frame_s': 0.564}, 'incremental': {'total_s': 17.16, 'num_frames': 28, 'per_frame_s': 0.613}, 'backward': {'total_s': 15.24, 'num_frames': 28, 'per_frame_s': 0.544}}",0.574,0.0,6.816445362476216,5.299999999999994,summary_GRM8B_new,bottle,False,False,False
./pretrained_models/Robo-Dopamine-GRM-2.0-8B-Preview,GRM-2.0-8B,/home/dais/workspace/Robo-Dopamine/aligned_data/pick3fail_3_bottle,pick3fail_3_bottle,./examples/blank_goal.png,blank,10,pick the carrot and put it on yellow plate,carrot,3.9437883333333317,"{'forward': {'total_s': 32.47, 'num_frames': 55, 'per_frame_s': 0.59}, 'incremental': {'total_s': 33.4, 'num_frames': 55, 'per_frame_s': 0.607}, 'backward': {'total_s': 28.95, 'num_frames': 55, 'per_frame_s': 0.526}}",0.574,4.3,2.7313650000000003,4.799999999999994,summary_GRM8B_new,bottle,False,False,False
./pretrained_models/Robo-Dopamine-GRM-2.0-8B-Preview,GRM-2.0-8B,/home/dais/workspace/Robo-Dopamine/aligned_data/pick3fail_3_bottle,pick3fail_3_bottle,./examples/blank_goal.png,blank,10,pick the bottle and put it on yellow plate,bottle,2.640785717493815,"{'forward': {'total_s': 30.8, 'num_frames': 55, 'per_frame_s': 0.56}, 'incremental': {'total_s': 33.68, 'num_frames': 55, 'per_frame_s': 0.612}, 'backward': {'total_s': 29.5, 'num_frames': 55, 'per_frame_s': 0.536}}",0.569,0.0,3.1223571524814524,4.799999999999994,summary_GRM8B_new,bottle,False,True,False
./pretrained_models/Robo-Dopamine-GRM-2.0-8B-Preview,GRM-2.0-8B,/home/dais/workspace/Robo-Dopamine/aligned_data/pick3fail_3_bottle,pick3fail_3_bottle,./examples/blank_goal.png,blank,10,pick the white cube and put it on yellow plate,cube,5.1024484635416645,"{'forward': {'total_s': 30.83, 'num_frames': 55, 'per_frame_s': 0.561}, 'incremental': {'total_s': 33.52, 'num_frames': 55, 'per_frame_s': 0.609}, 'backward': {'total_s': 29.32, 'num_frames': 55, 'per_frame_s': 0.533}}",0.568,0.0,10.007345390625,5.299999999999994,summary_GRM8B_new,bottle,False,False,False
./pretrained_models/Robo-Dopamine-GRM-2.0-8B-Preview,GRM-2.0-8B,/home/dais/workspace/Robo-Dopamine/aligned_data/pick3fail_6_bottle,pick3fail_6_bottle,./examples/blank_goal.png,blank,20,pick the carrot and put it on yellow plate,carrot,39.82813531029477,"{'forward': {'total_s': 26.48, 'num_frames': 42, 'per_frame_s': 0.631}, 'incremental': {'total_s': 25.62, 'num_frames': 42, 'per_frame_s': 0.61}, 'backward': {'total_s': 22.86, 'num_frames': 42, 'per_frame_s': 0.544}}",0.595,50.0,65.18440593088431,4.299999999999993,summary_GRM8B_new,bottle,False,False,False
./pretrained_models/Robo-Dopamine-GRM-2.0-8B-Preview,GRM-2.0-8B,/home/dais/workspace/Robo-Dopamine/aligned_data/pick3fail_6_bottle,pick3fail_6_bottle,./examples/blank_goal.png,blank,20,pick the bottle and put it on yellow plate,bottle,61.673555291936374,"{'forward': {'total_s': 23.7, 'num_frames': 42, 'per_frame_s': 0.564}, 'incremental': {'total_s': 25.96, 'num_frames': 42, 'per_frame_s': 0.618}, 'backward': {'total_s': 22.43, 'num_frames': 42, 'per_frame_s': 0.534}}",0.572,95.0,90.02066587580913,0.0,summary_GRM8B_new,bottle,False,True,False
./pretrained_models/Robo-Dopamine-GRM-2.0-8B-Preview,GRM-2.0-8B,/home/dais/workspace/Robo-Dopamine/aligned_data/pick3fail_6_bottle,pick3fail_6_bottle,./examples/blank_goal.png,blank,20,pick the white cube and put it on yellow plate,cube,34.51299406635276,"{'forward': {'total_s': 23.83, 'num_frames': 42, 'per_frame_s': 0.567}, 'incremental': {'total_s': 25.48, 'num_frames': 42, 'per_frame_s': 0.607}, 'backward': {'total_s': 22.63, 'num_frames': 42, 'per_frame_s': 0.539}}",0.571,50.0,48.738982199058285,4.799999999999994,summary_GRM8B_new,bottle,False,False,False
./pretrained_models/Robo-Dopamine-GRM-2.0-8B-Preview,GRM-2.0-8B,/home/dais/workspace/Robo-Dopamine/aligned_data/pick3fail_6_bottle,pick3fail_6_bottle,./examples/blank_goal.png,blank,10,pick the carrot and put it on yellow plate,carrot,41.490469166599105,"{'forward': {'total_s': 49.43, 'num_frames': 83, 'per_frame_s': 0.596}, 'incremental': {'total_s': 50.59, 'num_frames': 83, 'per_frame_s': 0.61}, 'backward': {'total_s': 44.4, 'num_frames': 83, 'per_frame_s': 0.535}}",0.58,50.0,69.97140749979732,4.5000000000000036,summary_GRM8B_new,bottle,False,False,False
./pretrained_models/Robo-Dopamine-GRM-2.0-8B-Preview,GRM-2.0-8B,/home/dais/workspace/Robo-Dopamine/aligned_data/pick3fail_6_bottle,pick3fail_6_bottle,./examples/blank_goal.png,blank,10,pick the bottle and put it on yellow plate,bottle,63.986228286318244,"{'forward': {'total_s': 46.82, 'num_frames': 83, 'per_frame_s': 0.564}, 'incremental': {'total_s': 50.8, 'num_frames': 83, 'per_frame_s': 0.612}, 'backward': {'total_s': 44.5, 'num_frames': 83, 'per_frame_s': 0.536}}",0.571,95.2,96.75868485895474,0.0,summary_GRM8B_new,bottle,False,True,False
./pretrained_models/Robo-Dopamine-GRM-2.0-8B-Preview,GRM-2.0-8B,/home/dais/workspace/Robo-Dopamine/aligned_data/pick3fail_6_bottle,pick3fail_6_bottle,./examples/blank_goal.png,blank,10,pick the white cube and put it on yellow plate,cube,39.54100600392599,"{'forward': {'total_s': 46.51, 'num_frames': 83, 'per_frame_s': 0.56}, 'incremental': {'total_s': 50.7, 'num_frames': 83, 'per_frame_s': 0.611}, 'backward': {'total_s': 44.48, 'num_frames': 83, 'per_frame_s': 0.536}}",0.569,50.0,63.82301801177797,4.799999999999994,summary_GRM8B_new,bottle,False,False,False
./pretrained_models/Robo-Dopamine-GRM-2.0-8B-Preview,GRM-2.0-8B,/home/dais/workspace/Robo-Dopamine/aligned_data/pick3fail_8_bottle,pick3fail_8_bottle,./examples/blank_goal.png,blank,20,pick the carrot and put it on yellow plate,carrot,5.308052368966773,"{'forward': {'total_s': 16.45, 'num_frames': 27, 'per_frame_s': 0.609}, 'incremental': {'total_s': 16.38, 'num_frames': 27, 'per_frame_s': 0.607}, 'backward': {'total_s': 14.42, 'num_frames': 27, 'per_frame_s': 0.534}}",0.583,3.8,7.3241571069003255,4.799999999999994,summary_GRM8B_new,bottle,False,False,False
./pretrained_models/Robo-Dopamine-GRM-2.0-8B-Preview,GRM-2.0-8B,/home/dais/workspace/Robo-Dopamine/aligned_data/pick3fail_8_bottle,pick3fail_8_bottle,./examples/blank_goal.png,blank,20,pick the bottle and put it on yellow plate,bottle,6.273672281803152,"{'forward': {'total_s': 15.16, 'num_frames': 27, 'per_frame_s': 0.561}, 'incremental': {'total_s': 16.48, 'num_frames': 27, 'per_frame_s': 0.611}, 'backward': {'total_s': 14.43, 'num_frames': 27, 'per_frame_s': 0.534}}",0.569,3.8,10.221016845409462,4.799999999999994,summary_GRM8B_new,bottle,False,True,False
./pretrained_models/Robo-Dopamine-GRM-2.0-8B-Preview,GRM-2.0-8B,/home/dais/workspace/Robo-Dopamine/aligned_data/pick3fail_8_bottle,pick3fail_8_bottle,./examples/blank_goal.png,blank,20,pick the white cube and put it on yellow plate,cube,5.32087905687981,"{'forward': {'total_s': 15.19, 'num_frames': 27, 'per_frame_s': 0.563}, 'incremental': {'total_s': 16.39, 'num_frames': 27, 'per_frame_s': 0.607}, 'backward': {'total_s': 14.45, 'num_frames': 27, 'per_frame_s': 0.535}}",0.568,3.8,6.862637170639435,5.299999999999994,summary_GRM8B_new,bottle,False,False,False
./pretrained_models/Robo-Dopamine-GRM-2.0-8B-Preview,GRM-2.0-8B,/home/dais/workspace/Robo-Dopamine/aligned_data/pick3fail_8_bottle,pick3fail_8_bottle,./examples/blank_goal.png,blank,10,pick the carrot and put it on yellow plate,carrot,6.328370884283891,"{'forward': {'total_s': 31.54, 'num_frames': 54, 'per_frame_s': 0.584}, 'incremental': {'total_s': 32.55, 'num_frames': 54, 'per_frame_s': 0.603}, 'backward': {'total_s': 28.61, 'num_frames': 54, 'per_frame_s': 0.53}}",0.572,3.8,10.38511265285168,4.799999999999994,summary_GRM8B_new,bottle,False,False,False
./pretrained_models/Robo-Dopamine-GRM-2.0-8B-Preview,GRM-2.0-8B,/home/dais/workspace/Robo-Dopamine/aligned_data/pick3fail_8_bottle,pick3fail_8_bottle,./examples/blank_goal.png,blank,10,pick the bottle and put it on yellow plate,bottle,6.1248284500944505,"{'forward': {'total_s': 29.91, 'num_frames': 54, 'per_frame_s': 0.554}, 'incremental': {'total_s': 32.47, 'num_frames': 54, 'per_frame_s': 0.601}, 'backward': {'total_s': 28.27, 'num_frames': 54, 'per_frame_s': 0.524}}",0.56,3.8,9.774485350283358,4.799999999999994,summary_GRM8B_new,bottle,False,True,False
./pretrained_models/Robo-Dopamine-GRM-2.0-8B-Preview,GRM-2.0-8B,/home/dais/workspace/Robo-Dopamine/aligned_data/pick3fail_8_bottle,pick3fail_8_bottle,./examples/blank_goal.png,blank,10,pick the white cube and put it on yellow plate,cube,4.382398132974983,"{'forward': {'total_s': 29.53, 'num_frames': 54, 'per_frame_s': 0.547}, 'incremental': {'total_s': 32.62, 'num_frames': 54, 'per_frame_s': 0.604}, 'backward': {'total_s': 28.71, 'num_frames': 54, 'per_frame_s': 0.532}}",0.561,3.8,4.047194398924956,5.299999999999994,summary_GRM8B_new,bottle,False,False,False
./pretrained_models/Robo-Dopamine-GRM-2.0-8B-Preview,GRM-2.0-8B,/home/dais/workspace/Robo-Dopamine/aligned_data/pick3fail_12_bottle,pick3fail_12_bottle,./examples/blank_goal.png,blank,20,pick the carrot and put it on yellow plate,carrot,4.51454497098078,"{'forward': {'total_s': 21.86, 'num_frames': 35, 'per_frame_s': 0.624}, 'incremental': {'total_s': 21.67, 'num_frames': 35, 'per_frame_s': 0.619}, 'backward': {'total_s': 18.79, 'num_frames': 35, 'per_frame_s': 0.537}}",0.593,3.8,4.943634912942346,4.799999999999994,summary_GRM8B_new,bottle,False,False,False
./pretrained_models/Robo-Dopamine-GRM-2.0-8B-Preview,GRM-2.0-8B,/home/dais/workspace/Robo-Dopamine/aligned_data/pick3fail_12_bottle,pick3fail_12_bottle,./examples/blank_goal.png,blank,20,pick the bottle and put it on yellow plate,bottle,11.26024705745111,"{'forward': {'total_s': 19.78, 'num_frames': 35, 'per_frame_s': 0.565}, 'incremental': {'total_s': 21.55, 'num_frames': 35, 'per_frame_s': 0.616}, 'backward': {'total_s': 18.69, 'num_frames': 35, 'per_frame_s': 0.534}}",0.572,10.0,18.98074117235334,4.799999999999994,summary_GRM8B_new,bottle,False,True,False
./pretrained_models/Robo-Dopamine-GRM-2.0-8B-Preview,GRM-2.0-8B,/home/dais/workspace/Robo-Dopamine/aligned_data/pick3fail_12_bottle,pick3fail_12_bottle,./examples/blank_goal.png,blank,20,pick the white cube and put it on yellow plate,cube,11.65469043968121,"{'forward': {'total_s': 19.68, 'num_frames': 35, 'per_frame_s': 0.562}, 'incremental': {'total_s': 21.3, 'num_frames': 35, 'per_frame_s': 0.609}, 'backward': {'total_s': 19.12, 'num_frames': 35, 'per_frame_s': 0.546}}",0.572,4.3,25.664071319043618,5.000000000000004,summary_GRM8B_new,bottle,False,False,False
./pretrained_models/Robo-Dopamine-GRM-2.0-8B-Preview,GRM-2.0-8B,/home/dais/workspace/Robo-Dopamine/aligned_data/pick3fail_12_bottle,pick3fail_12_bottle,./examples/blank_goal.png,blank,10,pick the carrot and put it on yellow plate,carrot,4.411682765799326,"{'forward': {'total_s': 41.08, 'num_frames': 70, 'per_frame_s': 0.587}, 'incremental': {'total_s': 43.04, 'num_frames': 70, 'per_frame_s': 0.615}, 'backward': {'total_s': 37.35, 'num_frames': 70, 'per_frame_s': 0.534}}",0.579,3.8,4.935048297397976,4.5000000000000036,summary_GRM8B_new,bottle,False,False,False
./pretrained_models/Robo-Dopamine-GRM-2.0-8B-Preview,GRM-2.0-8B,/home/dais/workspace/Robo-Dopamine/aligned_data/pick3fail_12_bottle,pick3fail_12_bottle,./examples/blank_goal.png,blank,10,pick the bottle and put it on yellow plate,bottle,9.947536051956822,"{'forward': {'total_s': 39.46, 'num_frames': 70, 'per_frame_s': 0.564}, 'incremental': {'total_s': 42.84, 'num_frames': 70, 'per_frame_s': 0.612}, 'backward': {'total_s': 37.97, 'num_frames': 70, 'per_frame_s': 0.542}}",0.573,10.0,14.842608155870462,5.000000000000004,summary_GRM8B_new,bottle,False,True,False
./pretrained_models/Robo-Dopamine-GRM-2.0-8B-Preview,GRM-2.0-8B,/home/dais/workspace/Robo-Dopamine/aligned_data/pick3fail_12_bottle,pick3fail_12_bottle,./examples/blank_goal.png,blank,10,pick the white cube and put it on yellow plate,cube,4.559653405995494,"{'forward': {'total_s': 39.19, 'num_frames': 70, 'per_frame_s': 0.56}, 'incremental': {'total_s': 42.74, 'num_frames': 70, 'per_frame_s': 0.611}, 'backward': {'total_s': 37.52, 'num_frames': 70, 'per_frame_s': 0.536}}",0.569,4.2,4.178960217986489,5.299999999999994,summary_GRM8B_new,bottle,False,False,False
./pretrained_models/Robo-Dopamine-GRM-2.0-8B-Preview,GRM-2.0-8B,/home/dais/workspace/Robo-Dopamine/aligned_data/pick3suc_3_bottle,pick3suc_3_bottle,./examples/blank_goal.png,blank,20,pick the carrot and put it on yellow plate,carrot,35.129475617891444,"{'forward': {'total_s': 28.0, 'num_frames': 44, 'per_frame_s': 0.636}, 'incremental': {'total_s': 27.3, 'num_frames': 44, 'per_frame_s': 0.62}, 'backward': {'total_s': 23.64, 'num_frames': 44, 'per_frame_s': 0.537}}",0.598,44.4,60.988426853674326,0.0,summary_GRM8B_new,bottle,True,False,False
./pretrained_models/Robo-Dopamine-GRM-2.0-8B-Preview,GRM-2.0-8B,/home/dais/workspace/Robo-Dopamine/aligned_data/pick3suc_3_bottle,pick3suc_3_bottle,./examples/blank_goal.png,blank,20,pick the bottle and put it on yellow plate,bottle,93.82087619186103,"{'forward': {'total_s': 25.16, 'num_frames': 44, 'per_frame_s': 0.572}, 'incremental': {'total_s': 27.21, 'num_frames': 44, 'per_frame_s': 0.618}, 'backward': {'total_s': 23.86, 'num_frames': 44, 'per_frame_s': 0.542}}",0.577,95.2,86.26262857558311,100.0,summary_GRM8B_new,bottle,True,True,True
./pretrained_models/Robo-Dopamine-GRM-2.0-8B-Preview,GRM-2.0-8B,/home/dais/workspace/Robo-Dopamine/aligned_data/pick3suc_3_bottle,pick3suc_3_bottle,./examples/blank_goal.png,blank,20,pick the white cube and put it on yellow plate,cube,35.328222356295605,"{'forward': {'total_s': 25.27, 'num_frames': 44, 'per_frame_s': 0.574}, 'incremental': {'total_s': 27.29, 'num_frames': 44, 'per_frame_s': 0.62}, 'backward': {'total_s': 23.73, 'num_frames': 44, 'per_frame_s': 0.539}}",0.578,50.0,55.984667068886814,0.0,summary_GRM8B_new,bottle,True,False,False
./pretrained_models/Robo-Dopamine-GRM-2.0-8B-Preview,GRM-2.0-8B,/home/dais/workspace/Robo-Dopamine/aligned_data/pick3suc_3_bottle,pick3suc_3_bottle,./examples/blank_goal.png,blank,10,pick the carrot and put it on yellow plate,carrot,33.37340493517066,"{'forward': {'total_s': 51.26, 'num_frames': 87, 'per_frame_s': 0.589}, 'incremental': {'total_s': 53.5, 'num_frames': 87, 'per_frame_s': 0.615}, 'backward': {'total_s': 47.22, 'num_frames': 87, 'per_frame_s': 0.543}}",0.582,50.0,50.12021480551198,0.0,summary_GRM8B_new,bottle,True,False,False
./pretrained_models/Robo-Dopamine-GRM-2.0-8B-Preview,GRM-2.0-8B,/home/dais/workspace/Robo-Dopamine/aligned_data/pick3suc_3_bottle,pick3suc_3_bottle,./examples/blank_goal.png,blank,10,pick the bottle and put it on yellow plate,bottle,97.60996996373107,"{'forward': {'total_s': 49.36, 'num_frames': 87, 'per_frame_s': 0.567}, 'incremental': {'total_s': 53.64, 'num_frames': 87, 'per_frame_s': 0.617}, 'backward': {'total_s': 47.01, 'num_frames': 87, 'per_frame_s': 0.54}}",0.575,95.2,97.62990989119322,100.0,summary_GRM8B_new,bottle,True,True,True
./pretrained_models/Robo-Dopamine-GRM-2.0-8B-Preview,GRM-2.0-8B,/home/dais/workspace/Robo-Dopamine/aligned_data/pick3suc_3_bottle,pick3suc_3_bottle,./examples/blank_goal.png,blank,10,pick the white cube and put it on yellow plate,cube,31.18417801379395,"{'forward': {'total_s': 49.52, 'num_frames': 87, 'per_frame_s': 0.569}, 'incremental': {'total_s': 53.74, 'num_frames': 87, 'per_frame_s': 0.618}, 'backward': {'total_s': 46.76, 'num_frames': 87, 'per_frame_s': 0.537}}",0.575,50.0,43.552534041381854,0.0,summary_GRM8B_new,bottle,True,False,False
/home/dais/workspace/Robo-Dopamine/train/checkpoints/multi_task_finetune,multi_task,/home/dais/workspace/Robo-Dopamine/aligned_data/pick3fail_2_cube,pick3fail_2_cube,./examples/blank_goal.png,blank,20,pick the carrot and put it on yellow plate,carrot,8.588681941562209,"{'forward': {'total_s': 19.42, 'num_frames': 31, 'per_frame_s': 0.627}, 'incremental': {'total_s': 16.24, 'num_frames': 31, 'per_frame_s': 0.524}, 'backward': {'total_s': 15.48, 'num_frames': 31, 'per_frame_s': 0.499}}",0.55,9.7,6.066045824686631,9.999999999999998,summary3,cube,False,False,False
/home/dais/workspace/Robo-Dopamine/train/checkpoints/multi_task_finetune,multi_task,/home/dais/workspace/Robo-Dopamine/aligned_data/pick3fail_2_cube,pick3fail_2_cube,./examples/blank_goal.png,blank,20,pick the bottle and put it on yellow plate,bottle,8.409059842212484,"{'forward': {'total_s': 16.0, 'num_frames': 31, 'per_frame_s': 0.516}, 'incremental': {'total_s': 16.06, 'num_frames': 31, 'per_frame_s': 0.518}, 'backward': {'total_s': 15.69, 'num_frames': 31, 'per_frame_s': 0.506}}",0.513,6.7,10.227179526637457,8.299999999999997,summary3,cube,False,False,False
/home/dais/workspace/Robo-Dopamine/train/checkpoints/multi_task_finetune,multi_task,/home/dais/workspace/Robo-Dopamine/aligned_data/pick3fail_2_cube,pick3fail_2_cube,./examples/blank_goal.png,blank,20,pick the white cube and put it on yellow plate,cube,7.422158465439279,"{'forward': {'total_s': 16.1, 'num_frames': 31, 'per_frame_s': 0.519}, 'incremental': {'total_s': 16.01, 'num_frames': 31, 'per_frame_s': 0.516}, 'backward': {'total_s': 15.47, 'num_frames': 31, 'per_frame_s': 0.499}}",0.511,8.3,4.8664753963178375,9.099999999999998,summary3,cube,False,True,False
/home/dais/workspace/Robo-Dopamine/train/checkpoints/multi_task_finetune,multi_task,/home/dais/workspace/Robo-Dopamine/aligned_data/pick3fail_2_cube,pick3fail_2_cube,./examples/blank_goal.png,blank,10,pick the carrot and put it on yellow plate,carrot,9.046521217512163,"{'forward': {'total_s': 31.13, 'num_frames': 62, 'per_frame_s': 0.502}, 'incremental': {'total_s': 31.81, 'num_frames': 62, 'per_frame_s': 0.513}, 'backward': {'total_s': 29.08, 'num_frames': 62, 'per_frame_s': 0.469}}",0.495,9.1,8.33956365253649,9.699999999999998,summary3,cube,False,False,False
/home/dais/workspace/Robo-Dopamine/train/checkpoints/multi_task_finetune,multi_task,/home/dais/workspace/Robo-Dopamine/aligned_data/pick3fail_2_cube,pick3fail_2_cube,./examples/blank_goal.png,blank,10,pick the bottle and put it on yellow plate,bottle,11.426826588755546,"{'forward': {'total_s': 30.0, 'num_frames': 62, 'per_frame_s': 0.484}, 'incremental': {'total_s': 31.83, 'num_frames': 62, 'per_frame_s': 0.513}, 'backward': {'total_s': 30.46, 'num_frames': 62, 'per_frame_s': 0.491}}",0.496,6.7,18.48047976626664,9.099999999999998,summary3,cube,False,False,False
/home/dais/workspace/Robo-Dopamine/train/checkpoints/multi_task_finetune,multi_task,/home/dais/workspace/Robo-Dopamine/aligned_data/pick3fail_2_cube,pick3fail_2_cube,./examples/blank_goal.png,blank,10,pick the white cube and put it on yellow plate,cube,8.40244791933152,"{'forward': {'total_s': 31.85, 'num_frames': 62, 'per_frame_s': 0.514}, 'incremental': {'total_s': 32.05, 'num_frames': 62, 'per_frame_s': 0.517}, 'backward': {'total_s': 30.79, 'num_frames': 62, 'per_frame_s': 0.497}}",0.509,6.7,9.407343757994564,9.099999999999998,summary3,cube,False,True,False
/home/dais/workspace/Robo-Dopamine/train/checkpoints/multi_task_finetune,multi_task,/home/dais/workspace/Robo-Dopamine/aligned_data/pick3fail_5_cube,pick3fail_5_cube,./examples/blank_goal.png,blank,20,pick the carrot and put it on yellow plate,carrot,54.800036690303706,"{'forward': {'total_s': 28.05, 'num_frames': 51, 'per_frame_s': 0.55}, 'incremental': {'total_s': 25.94, 'num_frames': 51, 'per_frame_s': 0.509}, 'backward': {'total_s': 25.19, 'num_frames': 51, 'per_frame_s': 0.494}}",0.518,60.0,63.000110070911106,41.400000000000006,summary3,cube,False,False,False
/home/dais/workspace/Robo-Dopamine/train/checkpoints/multi_task_finetune,multi_task,/home/dais/workspace/Robo-Dopamine/aligned_data/pick3fail_5_cube,pick3fail_5_cube,./examples/blank_goal.png,blank,20,pick the bottle and put it on yellow plate,bottle,60.411634272440004,"{'forward': {'total_s': 26.25, 'num_frames': 51, 'per_frame_s': 0.515}, 'incremental': {'total_s': 26.24, 'num_frames': 51, 'per_frame_s': 0.515}, 'backward': {'total_s': 24.93, 'num_frames': 51, 'per_frame_s': 0.489}}",0.506,69.0,69.03490281732002,43.2,summary3,cube,False,False,False
/home/dais/workspace/Robo-Dopamine/train/checkpoints/multi_task_finetune,multi_task,/home/dais/workspace/Robo-Dopamine/aligned_data/pick3fail_5_cube,pick3fail_5_cube,./examples/blank_goal.png,blank,20,pick the white cube and put it on yellow plate,cube,70.8720107155875,"{'forward': {'total_s': 26.15, 'num_frames': 51, 'per_frame_s': 0.513}, 'incremental': {'total_s': 26.42, 'num_frames': 51, 'per_frame_s': 0.518}, 'backward': {'total_s': 25.19, 'num_frames': 51, 'per_frame_s': 0.494}}",0.508,75.8,73.51603214676253,63.3,summary3,cube,False,True,False
/home/dais/workspace/Robo-Dopamine/train/checkpoints/multi_task_finetune,multi_task,/home/dais/workspace/Robo-Dopamine/aligned_data/pick3fail_5_cube,pick3fail_5_cube,./examples/blank_goal.png,blank,10,pick the carrot and put it on yellow plate,carrot,55.582192448985744,"{'forward': {'total_s': 53.65, 'num_frames': 102, 'per_frame_s': 0.526}, 'incremental': {'total_s': 52.16, 'num_frames': 102, 'per_frame_s': 0.511}, 'backward': {'total_s': 50.2, 'num_frames': 102, 'per_frame_s': 0.492}}",0.51,60.0,65.34657734695723,41.400000000000006,summary3,cube,False,False,False
/home/dais/workspace/Robo-Dopamine/train/checkpoints/multi_task_finetune,multi_task,/home/dais/workspace/Robo-Dopamine/aligned_data/pick3fail_5_cube,pick3fail_5_cube,./examples/blank_goal.png,blank,10,pick the bottle and put it on yellow plate,bottle,58.75047121886229,"{'forward': {'total_s': 52.46, 'num_frames': 102, 'per_frame_s': 0.514}, 'incremental': {'total_s': 52.09, 'num_frames': 102, 'per_frame_s': 0.511}, 'backward': {'total_s': 50.39, 'num_frames': 102, 'per_frame_s': 0.494}}",0.506,69.0,64.05141365658686,43.2,summary3,cube,False,False,False
/home/dais/workspace/Robo-Dopamine/train/checkpoints/multi_task_finetune,multi_task,/home/dais/workspace/Robo-Dopamine/aligned_data/pick3fail_5_cube,pick3fail_5_cube,./examples/blank_goal.png,blank,10,pick the white cube and put it on yellow plate,cube,68.92897616821902,"{'forward': {'total_s': 52.16, 'num_frames': 102, 'per_frame_s': 0.511}, 'incremental': {'total_s': 52.71, 'num_frames': 102, 'per_frame_s': 0.517}, 'backward': {'total_s': 50.01, 'num_frames': 102, 'per_frame_s': 0.49}}",0.506,75.8,67.68692850465705,63.3,summary3,cube,False,True,False
/home/dais/workspace/Robo-Dopamine/train/checkpoints/multi_task_finetune,multi_task,/home/dais/workspace/Robo-Dopamine/aligned_data/pick3fail_9_cube,pick3fail_9_cube,./examples/blank_goal.png,blank,20,pick the carrot and put it on yellow plate,carrot,14.95492032640025,"{'forward': {'total_s': 16.21, 'num_frames': 29, 'per_frame_s': 0.559}, 'incremental': {'total_s': 15.27, 'num_frames': 29, 'per_frame_s': 0.526}, 'backward': {'total_s': 14.49, 'num_frames': 29, 'per_frame_s': 0.5}}",0.528,14.3,19.464760979200758,11.099999999999998,summary3,cube,False,False,False
/home/dais/workspace/Robo-Dopamine/train/checkpoints/multi_task_finetune,multi_task,/home/dais/workspace/Robo-Dopamine/aligned_data/pick3fail_9_cube,pick3fail_9_cube,./examples/blank_goal.png,blank,20,pick the bottle and put it on yellow plate,bottle,12.142317768315252,"{'forward': {'total_s': 15.07, 'num_frames': 29, 'per_frame_s': 0.52}, 'incremental': {'total_s': 14.97, 'num_frames': 29, 'per_frame_s': 0.516}, 'backward': {'total_s': 14.4, 'num_frames': 29, 'per_frame_s': 0.497}}",0.511,12.5,14.826953304945755,9.099999999999998,summary3,cube,False,False,False
/home/dais/workspace/Robo-Dopamine/train/checkpoints/multi_task_finetune,multi_task,/home/dais/workspace/Robo-Dopamine/aligned_data/pick3fail_9_cube,pick3fail_9_cube,./examples/blank_goal.png,blank,20,pick the white cube and put it on yellow plate,cube,13.255376900270177,"{'forward': {'total_s': 15.11, 'num_frames': 29, 'per_frame_s': 0.521}, 'incremental': {'total_s': 14.96, 'num_frames': 29, 'per_frame_s': 0.516}, 'backward': {'total_s': 14.47, 'num_frames': 29, 'per_frame_s': 0.499}}",0.512,15.6,14.16613070081053,9.999999999999998,summary3,cube,False,True,False
/home/dais/workspace/Robo-Dopamine/train/checkpoints/multi_task_finetune,multi_task,/home/dais/workspace/Robo-Dopamine/aligned_data/pick3fail_9_cube,pick3fail_9_cube,./examples/blank_goal.png,blank,10,pick the carrot and put it on yellow plate,carrot,15.005269306675023,"{'forward': {'total_s': 29.24, 'num_frames': 58, 'per_frame_s': 0.504}, 'incremental': {'total_s': 29.78, 'num_frames': 58, 'per_frame_s': 0.514}, 'backward': {'total_s': 27.09, 'num_frames': 58, 'per_frame_s': 0.467}}",0.495,13.3,20.61580792002507,11.099999999999998,summary3,cube,False,False,False
/home/dais/workspace/Robo-Dopamine/train/checkpoints/multi_task_finetune,multi_task,/home/dais/workspace/Robo-Dopamine/aligned_data/pick3fail_9_cube,pick3fail_9_cube,./examples/blank_goal.png,blank,10,pick the bottle and put it on yellow plate,bottle,13.337254702000308,"{'forward': {'total_s': 28.15, 'num_frames': 58, 'per_frame_s': 0.485}, 'incremental': {'total_s': 29.52, 'num_frames': 58, 'per_frame_s': 0.509}, 'backward': {'total_s': 28.27, 'num_frames': 58, 'per_frame_s': 0.487}}",0.494,12.5,18.411764106000927,9.099999999999998,summary3,cube,False,False,False
/home/dais/workspace/Robo-Dopamine/train/checkpoints/multi_task_finetune,multi_task,/home/dais/workspace/Robo-Dopamine/aligned_data/pick3fail_9_cube,pick3fail_9_cube,./examples/blank_goal.png,blank,10,pick the white cube and put it on yellow plate,cube,14.86139936850519,"{'forward': {'total_s': 29.62, 'num_frames': 58, 'per_frame_s': 0.511}, 'incremental': {'total_s': 29.67, 'num_frames': 58, 'per_frame_s': 0.512}, 'backward': {'total_s': 28.5, 'num_frames': 58, 'per_frame_s': 0.491}}",0.505,15.6,19.284198105515575,9.699999999999998,summary3,cube,False,True,False
/home/dais/workspace/Robo-Dopamine/train/checkpoints/multi_task_finetune,multi_task,/home/dais/workspace/Robo-Dopamine/aligned_data/pick3fail_13_cube,pick3fail_13_cube,./examples/blank_goal.png,blank,20,pick the carrot and put it on yellow plate,carrot,18.976554702454752,"{'forward': {'total_s': 19.35, 'num_frames': 35, 'per_frame_s': 0.553}, 'incremental': {'total_s': 18.35, 'num_frames': 35, 'per_frame_s': 0.524}, 'backward': {'total_s': 17.27, 'num_frames': 35, 'per_frame_s': 0.493}}",0.523,20.0,20.82966410736427,16.09999999999999,summary3,cube,False,False,False
/home/dais/workspace/Robo-Dopamine/train/checkpoints/multi_task_finetune,multi_task,/home/dais/workspace/Robo-Dopamine/aligned_data/pick3fail_13_cube,pick3fail_13_cube,./examples/blank_goal.png,blank,20,pick the bottle and put it on yellow plate,bottle,15.874972071482057,"{'forward': {'total_s': 18.04, 'num_frames': 35, 'per_frame_s': 0.515}, 'incremental': {'total_s': 17.99, 'num_frames': 35, 'per_frame_s': 0.514}, 'backward': {'total_s': 17.51, 'num_frames': 35, 'per_frame_s': 0.5}}",0.51,16.7,19.82491621444618,11.099999999999998,summary3,cube,False,False,False
/home/dais/workspace/Robo-Dopamine/train/checkpoints/multi_task_finetune,multi_task,/home/dais/workspace/Robo-Dopamine/aligned_data/pick3fail_13_cube,pick3fail_13_cube,./examples/blank_goal.png,blank,20,pick the white cube and put it on yellow plate,cube,17.99896214837327,"{'forward': {'total_s': 18.09, 'num_frames': 35, 'per_frame_s': 0.517}, 'incremental': {'total_s': 17.98, 'num_frames': 35, 'per_frame_s': 0.514}, 'backward': {'total_s': 17.51, 'num_frames': 35, 'per_frame_s': 0.5}}",0.51,20.0,17.896886445119815,16.09999999999999,summary3,cube,False,True,False
/home/dais/workspace/Robo-Dopamine/train/checkpoints/multi_task_finetune,multi_task,/home/dais/workspace/Robo-Dopamine/aligned_data/pick3fail_13_cube,pick3fail_13_cube,./examples/blank_goal.png,blank,10,pick the carrot and put it on yellow plate,carrot,18.601968677604848,"{'forward': {'total_s': 34.56, 'num_frames': 69, 'per_frame_s': 0.501}, 'incremental': {'total_s': 35.02, 'num_frames': 69, 'per_frame_s': 0.508}, 'backward': {'total_s': 32.67, 'num_frames': 69, 'per_frame_s': 0.473}}",0.494,19.4,20.30590603281455,16.09999999999999,summary3,cube,False,False,False
/home/dais/workspace/Robo-Dopamine/train/checkpoints/multi_task_finetune,multi_task,/home/dais/workspace/Robo-Dopamine/aligned_data/pick3fail_13_cube,pick3fail_13_cube,./examples/blank_goal.png,blank,10,pick the bottle and put it on yellow plate,bottle,16.144134258064117,"{'forward': {'total_s': 35.0, 'num_frames': 69, 'per_frame_s': 0.507}, 'incremental': {'total_s': 35.29, 'num_frames': 69, 'per_frame_s': 0.511}, 'backward': {'total_s': 33.8, 'num_frames': 69, 'per_frame_s': 0.49}}",0.503,16.7,20.632402774192357,11.099999999999998,summary3,cube,False,False,False
/home/dais/workspace/Robo-Dopamine/train/checkpoints/multi_task_finetune,multi_task,/home/dais/workspace/Robo-Dopamine/aligned_data/pick3fail_13_cube,pick3fail_13_cube,./examples/blank_goal.png,blank,10,pick the white cube and put it on yellow plate,cube,17.53938861003094,"{'forward': {'total_s': 35.38, 'num_frames': 69, 'per_frame_s': 0.513}, 'incremental': {'total_s': 35.39, 'num_frames': 69, 'per_frame_s': 0.513}, 'backward': {'total_s': 34.0, 'num_frames': 69, 'per_frame_s': 0.493}}",0.506,20.0,17.01816583009283,15.59999999999999,summary3,cube,False,True,False
/home/dais/workspace/Robo-Dopamine/train/checkpoints/multi_task_finetune,multi_task,/home/dais/workspace/Robo-Dopamine/aligned_data/pick3fail_3_bottle,pick3fail_3_bottle,./examples/blank_goal.png,blank,20,pick the carrot and put it on yellow plate,carrot,7.667502216631039,"{'forward': {'total_s': 15.39, 'num_frames': 28, 'per_frame_s': 0.55}, 'incremental': {'total_s': 14.56, 'num_frames': 28, 'per_frame_s': 0.52}, 'backward': {'total_s': 13.98, 'num_frames': 28, 'per_frame_s': 0.499}}",0.523,6.5,7.4025066498931205,9.099999999999998,summary3,bottle,False,False,False
/home/dais/workspace/Robo-Dopamine/train/checkpoints/multi_task_finetune,multi_task,/home/dais/workspace/Robo-Dopamine/aligned_data/pick3fail_3_bottle,pick3fail_3_bottle,./examples/blank_goal.png,blank,20,pick the bottle and put it on yellow plate,bottle,6.064380904646375,"{'forward': {'total_s': 14.66, 'num_frames': 28, 'per_frame_s': 0.524}, 'incremental': {'total_s': 14.6, 'num_frames': 28, 'per_frame_s': 0.521}, 'backward': {'total_s': 14.02, 'num_frames': 28, 'per_frame_s': 0.501}}",0.515,6.5,4.593142713939131,7.099999999999995,summary3,bottle,False,True,False
/home/dais/workspace/Robo-Dopamine/train/checkpoints/multi_task_finetune,multi_task,/home/dais/workspace/Robo-Dopamine/aligned_data/pick3fail_3_bottle,pick3fail_3_bottle,./examples/blank_goal.png,blank,20,pick the white cube and put it on yellow plate,cube,7.4080030611380225,"{'forward': {'total_s': 14.57, 'num_frames': 28, 'per_frame_s': 0.52}, 'incremental': {'total_s': 14.46, 'num_frames': 28, 'per_frame_s': 0.516}, 'backward': {'total_s': 13.9, 'num_frames': 28, 'per_frame_s': 0.496}}",0.511,6.7,7.224009183414072,8.299999999999997,summary3,bottle,False,False,False
/home/dais/workspace/Robo-Dopamine/train/checkpoints/multi_task_finetune,multi_task,/home/dais/workspace/Robo-Dopamine/aligned_data/pick3fail_3_bottle,pick3fail_3_bottle,./examples/blank_goal.png,blank,10,pick the carrot and put it on yellow plate,carrot,8.700611092966877,"{'forward': {'total_s': 27.43, 'num_frames': 55, 'per_frame_s': 0.499}, 'incremental': {'total_s': 27.57, 'num_frames': 55, 'per_frame_s': 0.501}, 'backward': {'total_s': 25.8, 'num_frames': 55, 'per_frame_s': 0.469}}",0.49,6.7,10.301833278900634,9.099999999999998,summary3,bottle,False,False,False
/home/dais/workspace/Robo-Dopamine/train/checkpoints/multi_task_finetune,multi_task,/home/dais/workspace/Robo-Dopamine/aligned_data/pick3fail_3_bottle,pick3fail_3_bottle,./examples/blank_goal.png,blank,10,pick the bottle and put it on yellow plate,bottle,6.713749203296785,"{'forward': {'total_s': 26.8, 'num_frames': 55, 'per_frame_s': 0.487}, 'incremental': {'total_s': 28.14, 'num_frames': 55, 'per_frame_s': 0.512}, 'backward': {'total_s': 25.8, 'num_frames': 55, 'per_frame_s': 0.469}}",0.489,6.7,6.341247609890358,7.099999999999995,summary3,bottle,False,True,False
/home/dais/workspace/Robo-Dopamine/train/checkpoints/multi_task_finetune,multi_task,/home/dais/workspace/Robo-Dopamine/aligned_data/pick3fail_3_bottle,pick3fail_3_bottle,./examples/blank_goal.png,blank,10,pick the white cube and put it on yellow plate,cube,9.160989020764388,"{'forward': {'total_s': 28.26, 'num_frames': 55, 'per_frame_s': 0.514}, 'incremental': {'total_s': 28.22, 'num_frames': 55, 'per_frame_s': 0.513}, 'backward': {'total_s': 27.1, 'num_frames': 55, 'per_frame_s': 0.493}}",0.507,7.7,10.682967062293164,9.099999999999998,summary3,bottle,False,False,False
/home/dais/workspace/Robo-Dopamine/train/checkpoints/multi_task_finetune,multi_task,/home/dais/workspace/Robo-Dopamine/aligned_data/pick3fail_6_bottle,pick3fail_6_bottle,./examples/blank_goal.png,blank,20,pick the carrot and put it on yellow plate,carrot,55.81917412925685,"{'forward': {'total_s': 22.91, 'num_frames': 42, 'per_frame_s': 0.545}, 'incremental': {'total_s': 21.8, 'num_frames': 42, 'per_frame_s': 0.519}, 'backward': {'total_s': 21.01, 'num_frames': 42, 'per_frame_s': 0.5}}",0.521,60.0,67.45752238777057,40.0,summary3,bottle,False,False,False
/home/dais/workspace/Robo-Dopamine/train/checkpoints/multi_task_finetune,multi_task,/home/dais/workspace/Robo-Dopamine/aligned_data/pick3fail_6_bottle,pick3fail_6_bottle,./examples/blank_goal.png,blank,20,pick the bottle and put it on yellow plate,bottle,70.43220347457527,"{'forward': {'total_s': 21.51, 'num_frames': 42, 'per_frame_s': 0.512}, 'incremental': {'total_s': 21.89, 'num_frames': 42, 'per_frame_s': 0.521}, 'backward': {'total_s': 20.61, 'num_frames': 42, 'per_frame_s': 0.491}}",0.508,75.8,77.19661042372582,58.3,summary3,bottle,False,True,False
/home/dais/workspace/Robo-Dopamine/train/checkpoints/multi_task_finetune,multi_task,/home/dais/workspace/Robo-Dopamine/aligned_data/pick3fail_6_bottle,pick3fail_6_bottle,./examples/blank_goal.png,blank,20,pick the white cube and put it on yellow plate,cube,60.90227392393526,"{'forward': {'total_s': 21.82, 'num_frames': 42, 'per_frame_s': 0.519}, 'incremental': {'total_s': 21.5, 'num_frames': 42, 'per_frame_s': 0.512}, 'backward': {'total_s': 20.99, 'num_frames': 42, 'per_frame_s': 0.5}}",0.51,72.7,66.80682177180579,43.2,summary3,bottle,False,False,False
/home/dais/workspace/Robo-Dopamine/train/checkpoints/multi_task_finetune,multi_task,/home/dais/workspace/Robo-Dopamine/aligned_data/pick3fail_6_bottle,pick3fail_6_bottle,./examples/blank_goal.png,blank,10,pick the carrot and put it on yellow plate,carrot,57.97205261813451,"{'forward': {'total_s': 42.04, 'num_frames': 83, 'per_frame_s': 0.506}, 'incremental': {'total_s': 42.87, 'num_frames': 83, 'per_frame_s': 0.517}, 'backward': {'total_s': 41.39, 'num_frames': 83, 'per_frame_s': 0.499}}",0.507,60.0,73.91615785440354,40.0,summary3,bottle,False,False,False
/home/dais/workspace/Robo-Dopamine/train/checkpoints/multi_task_finetune,multi_task,/home/dais/workspace/Robo-Dopamine/aligned_data/pick3fail_6_bottle,pick3fail_6_bottle,./examples/blank_goal.png,blank,10,pick the bottle and put it on yellow plate,bottle,72.7677301710648,"{'forward': {'total_s': 42.87, 'num_frames': 83, 'per_frame_s': 0.517}, 'incremental': {'total_s': 42.71, 'num_frames': 83, 'per_frame_s': 0.515}, 'backward': {'total_s': 41.37, 'num_frames': 83, 'per_frame_s': 0.498}}",0.51,75.8,84.20319051319443,58.3,summary3,bottle,False,True,False
/home/dais/workspace/Robo-Dopamine/train/checkpoints/multi_task_finetune,multi_task,/home/dais/workspace/Robo-Dopamine/aligned_data/pick3fail_6_bottle,pick3fail_6_bottle,./examples/blank_goal.png,blank,10,pick the white cube and put it on yellow plate,cube,61.242935311937345,"{'forward': {'total_s': 42.79, 'num_frames': 83, 'per_frame_s': 0.516}, 'incremental': {'total_s': 42.77, 'num_frames': 83, 'per_frame_s': 0.515}, 'backward': {'total_s': 41.27, 'num_frames': 83, 'per_frame_s': 0.497}}",0.509,72.7,67.82880593581203,43.2,summary3,bottle,False,False,False
/home/dais/workspace/Robo-Dopamine/train/checkpoints/multi_task_finetune,multi_task,/home/dais/workspace/Robo-Dopamine/aligned_data/pick3fail_8_bottle,pick3fail_8_bottle,./examples/blank_goal.png,blank,20,pick the carrot and put it on yellow plate,carrot,17.7454827184313,"{'forward': {'total_s': 14.93, 'num_frames': 27, 'per_frame_s': 0.553}, 'incremental': {'total_s': 13.83, 'num_frames': 27, 'per_frame_s': 0.512}, 'backward': {'total_s': 13.41, 'num_frames': 27, 'per_frame_s': 0.497}}",0.521,20.0,19.9364481552939,13.3,summary3,bottle,False,False,False
/home/dais/workspace/Robo-Dopamine/train/checkpoints/multi_task_finetune,multi_task,/home/dais/workspace/Robo-Dopamine/aligned_data/pick3fail_8_bottle,pick3fail_8_bottle,./examples/blank_goal.png,blank,20,pick the bottle and put it on yellow plate,bottle,18.410372692346176,"{'forward': {'total_s': 13.97, 'num_frames': 27, 'per_frame_s': 0.518}, 'incremental': {'total_s': 13.98, 'num_frames': 27, 'per_frame_s': 0.518}, 'backward': {'total_s': 13.38, 'num_frames': 27, 'per_frame_s': 0.496}}",0.511,22.2,16.931118077038544,16.09999999999999,summary3,bottle,False,True,False
/home/dais/workspace/Robo-Dopamine/train/checkpoints/multi_task_finetune,multi_task,/home/dais/workspace/Robo-Dopamine/aligned_data/pick3fail_8_bottle,pick3fail_8_bottle,./examples/blank_goal.png,blank,20,pick the white cube and put it on yellow plate,cube,20.359226337029785,"{'forward': {'total_s': 13.92, 'num_frames': 27, 'per_frame_s': 0.516}, 'incremental': {'total_s': 13.93, 'num_frames': 27, 'per_frame_s': 0.516}, 'backward': {'total_s': 13.29, 'num_frames': 27, 'per_frame_s': 0.492}}",0.508,25.8,22.77767901108935,12.5,summary3,bottle,False,False,False
/home/dais/workspace/Robo-Dopamine/train/checkpoints/multi_task_finetune,multi_task,/home/dais/workspace/Robo-Dopamine/aligned_data/pick3fail_8_bottle,pick3fail_8_bottle,./examples/blank_goal.png,blank,10,pick the carrot and put it on yellow plate,carrot,20.922339126098894,"{'forward': {'total_s': 26.95, 'num_frames': 54, 'per_frame_s': 0.499}, 'incremental': {'total_s': 27.44, 'num_frames': 54, 'per_frame_s': 0.508}, 'backward': {'total_s': 24.97, 'num_frames': 54, 'per_frame_s': 0.462}}",0.49,20.0,29.467017378296685,13.3,summary3,bottle,False,False,False
/home/dais/workspace/Robo-Dopamine/train/checkpoints/multi_task_finetune,multi_task,/home/dais/workspace/Robo-Dopamine/aligned_data/pick3fail_8_bottle,pick3fail_8_bottle,./examples/blank_goal.png,blank,10,pick the bottle and put it on yellow plate,bottle,20.246298817148844,"{'forward': {'total_s': 26.25, 'num_frames': 54, 'per_frame_s': 0.486}, 'incremental': {'total_s': 27.06, 'num_frames': 54, 'per_frame_s': 0.501}, 'backward': {'total_s': 24.92, 'num_frames': 54, 'per_frame_s': 0.462}}",0.483,22.2,22.43889645144655,16.09999999999999,summary3,bottle,False,True,False
/home/dais/workspace/Robo-Dopamine/train/checkpoints/multi_task_finetune,multi_task,/home/dais/workspace/Robo-Dopamine/aligned_data/pick3fail_8_bottle,pick3fail_8_bottle,./examples/blank_goal.png,blank,10,pick the white cube and put it on yellow plate,cube,23.555542701620965,"{'forward': {'total_s': 27.1, 'num_frames': 54, 'per_frame_s': 0.502}, 'incremental': {'total_s': 27.5, 'num_frames': 54, 'per_frame_s': 0.509}, 'backward': {'total_s': 26.35, 'num_frames': 54, 'per_frame_s': 0.488}}",0.5,25.8,32.3666281048629,12.5,summary3,bottle,False,False,False
/home/dais/workspace/Robo-Dopamine/train/checkpoints/multi_task_finetune,multi_task,/home/dais/workspace/Robo-Dopamine/aligned_data/pick3fail_12_bottle,pick3fail_12_bottle,./examples/blank_goal.png,blank,20,pick the carrot and put it on yellow plate,carrot,30.637317306447546,"{'forward': {'total_s': 19.16, 'num_frames': 35, 'per_frame_s': 0.547}, 'incremental': {'total_s': 17.87, 'num_frames': 35, 'per_frame_s': 0.511}, 'backward': {'total_s': 17.53, 'num_frames': 35, 'per_frame_s': 0.501}}",0.52,36.7,33.31195191934264,21.90000000000001,summary3,bottle,False,False,False
/home/dais/workspace/Robo-Dopamine/train/checkpoints/multi_task_finetune,multi_task,/home/dais/workspace/Robo-Dopamine/aligned_data/pick3fail_12_bottle,pick3fail_12_bottle,./examples/blank_goal.png,blank,20,pick the bottle and put it on yellow plate,bottle,23.495594392868117,"{'forward': {'total_s': 17.97, 'num_frames': 35, 'per_frame_s': 0.513}, 'incremental': {'total_s': 17.86, 'num_frames': 35, 'per_frame_s': 0.51}, 'backward': {'total_s': 17.59, 'num_frames': 35, 'per_frame_s': 0.502}}",0.508,27.3,24.986783178604348,18.200000000000006,summary3,bottle,False,True,False
/home/dais/workspace/Robo-Dopamine/train/checkpoints/multi_task_finetune,multi_task,/home/dais/workspace/Robo-Dopamine/aligned_data/pick3fail_12_bottle,pick3fail_12_bottle,./examples/blank_goal.png,blank,20,pick the white cube and put it on yellow plate,cube,24.143286981708105,"{'forward': {'total_s': 17.93, 'num_frames': 35, 'per_frame_s': 0.512}, 'incremental': {'total_s': 17.87, 'num_frames': 35, 'per_frame_s': 0.511}, 'backward': {'total_s': 17.36, 'num_frames': 35, 'per_frame_s': 0.496}}",0.506,27.3,29.92986094512432,15.200000000000003,summary3,bottle,False,False,False
/home/dais/workspace/Robo-Dopamine/train/checkpoints/multi_task_finetune,multi_task,/home/dais/workspace/Robo-Dopamine/aligned_data/pick3fail_12_bottle,pick3fail_12_bottle,./examples/blank_goal.png,blank,10,pick the carrot and put it on yellow plate,carrot,28.146786016345555,"{'forward': {'total_s': 35.28, 'num_frames': 70, 'per_frame_s': 0.504}, 'incremental': {'total_s': 35.44, 'num_frames': 70, 'per_frame_s': 0.506}, 'backward': {'total_s': 33.11, 'num_frames': 70, 'per_frame_s': 0.473}}",0.494,36.7,25.84035804903665,21.90000000000001,summary3,bottle,False,False,False
/home/dais/workspace/Robo-Dopamine/train/checkpoints/multi_task_finetune,multi_task,/home/dais/workspace/Robo-Dopamine/aligned_data/pick3fail_12_bottle,pick3fail_12_bottle,./examples/blank_goal.png,blank,10,pick the bottle and put it on yellow plate,bottle,23.185273066837468,"{'forward': {'total_s': 35.65, 'num_frames': 70, 'per_frame_s': 0.509}, 'incremental': {'total_s': 35.85, 'num_frames': 70, 'per_frame_s': 0.512}, 'backward': {'total_s': 34.42, 'num_frames': 70, 'per_frame_s': 0.492}}",0.504,27.3,24.055819200512396,18.200000000000006,summary3,bottle,False,True,False
/home/dais/workspace/Robo-Dopamine/train/checkpoints/multi_task_finetune,multi_task,/home/dais/workspace/Robo-Dopamine/aligned_data/pick3fail_12_bottle,pick3fail_12_bottle,./examples/blank_goal.png,blank,10,pick the white cube and put it on yellow plate,cube,25.073531625933313,"{'forward': {'total_s': 35.92, 'num_frames': 70, 'per_frame_s': 0.513}, 'incremental': {'total_s': 35.62, 'num_frames': 70, 'per_frame_s': 0.509}, 'backward': {'total_s': 34.76, 'num_frames': 70, 'per_frame_s': 0.497}}",0.506,27.3,33.620594877799945,14.3,summary3,bottle,False,False,False
