data_tag,goal_tag,interval,task_tag,scene_object,video_success,task_matches_scene,goal_success,incremental_final,incremental_max,incremental_min,incremental_mean,incremental_max_drawdown,incremental_neg_hop_sum,incremental_pos_hop_sum,incremental_min_hop,incremental_max_hop,incremental_neg_hop_count,backward_final,backward_max,backward_min,backward_mean,backward_max_drawdown,backward_neg_hop_sum,backward_pos_hop_sum,backward_min_hop,backward_max_hop,backward_neg_hop_count,forward_final,forward_max,forward_min,forward_mean,forward_max_drawdown,forward_neg_hop_sum,forward_pos_hop_sum,forward_min_hop,forward_max_hop,forward_neg_hop_count,baseline_final_avg,trajectory_mean_avg,max_drawdown_avg,neg_hop_sum_avg
pick3fail_1,blank,10,bottle,carrot,False,False,False,13.527679580000001,16.909599475,0.0,12.029952833852459,3.3819198949999993,20.0,18.1,-20.0,5.0,1,5.000000000000004,50.0,4.799999999999994,11.49344262295082,45.2,82.40000000000009,87.4000000000001,-25.0,25.0,21,4.2,40.0,0.0,8.537704918032787,40.0,73.0,77.2,-20.0,20.0,14,7.575893193333335,10.68703345827869,29.52730663166667,58.4666666666667
pick3fail_1,blank,10,carrot,carrot,False,True,False,17.851167470987672,27.89244917341824,0.0,16.459469815058558,10.041281702430567,65.0,34.5,-25.0,6.2,3,5.299999999999994,47.4,5.000000000000004,13.72295081967213,42.39999999999999,80.19999999999996,85.49999999999996,-21.099999999999998,14.100000000000001,15,4.5,52.400000000000006,0.0,10.70983606557377,52.400000000000006,95.5,100.0,-27.400000000000002,27.400000000000002,14,9.217055823662555,13.63075223343482,34.94709390081019,80.23333333333332
pick3fail_1,blank,10,cube,carrot,False,False,False,15.863159807999999,19.828949759999997,0.0,14.13291673809836,3.965789951999998,20.0,21.5,-20.0,5.6,1,5.599999999999994,52.400000000000006,5.299999999999994,12.773770491803276,46.80000000000001,79.50000000000007,85.10000000000005,-19.100000000000005,22.099999999999998,21,5.0,52.400000000000006,0.0,11.481967213114753,47.60000000000001,78.50000000000001,83.50000000000003,-14.300000000000008,27.400000000000002,10,8.821053269333332,12.79621814767213,32.788596650666676,59.333333333333364
pick3fail_1,blank,20,bottle,carrot,False,False,False,4.228719859577456,18.1140280984256,0.0,7.030568592040196,13.885308238848143,165.8,25.700000000000003,-50.0,7.1,6,5.000000000000004,50.0,4.799999999999994,11.232258064516127,45.2,52.70000000000004,57.70000000000004,-19.999999999999996,27.800000000000004,10,3.8,33.3,0.0,8.119354838709677,33.3,42.49999999999999,46.3,-13.299999999999995,16.599999999999998,7,4.3429066198591535,8.794060498422,30.795102746282716,87.00000000000001
pick3fail_1,blank,20,carrot,carrot,False,True,False,4.288958662347603,35.008413608057445,0.0,10.384313832262624,30.719454945709842,185.0,41.3,-33.3,13.3,9,5.299999999999994,47.4,5.000000000000004,13.90322580645161,42.39999999999999,54.79999999999999,60.09999999999998,-14.100000000000001,23.9,9,0.0,36.4,0.0,10.680645161290322,36.4,56.3,56.3,-17.3,18.2,9,3.1963195541158655,11.656061600001518,36.50648498190328,98.69999999999999
pick3fail_1,blank,20,cube,carrot,False,False,False,11.811476700017865,17.92676616,0.0,8.879936886830158,6.115289459982135,115.8,29.799999999999997,-33.3,7.7,5,5.900000000000006,52.400000000000006,5.299999999999994,12.596774193548384,47.10000000000001,64.10000000000005,70.00000000000006,-21.499999999999996,26.1,14,5.0,52.400000000000006,0.0,11.625806451612902,47.60000000000001,52.80000000000001,57.80000000000001,-23.299999999999997,29.700000000000003,6,7.57049223333929,11.034172510663815,33.60509648666072,77.56666666666669
pick3fail_11,blank,10,bottle,carrot,False,False,False,1.719258473378906,26.198224356249998,0.0,7.2978116668345905,24.47896588287109,232.5,30.6,-50.0,10.0,7,4.799999999999994,52.400000000000006,0.0,12.253448275862066,52.400000000000006,76.89999999999998,81.69999999999999,-19.100000000000005,14.100000000000001,16,0.0,47.8,0.0,11.098275862068965,47.8,72.7,72.70000000000002,-17.0,9.799999999999997,16,2.1730861577929668,10.216511934921874,41.559655294290366,127.36666666666666
pick3fail_11,blank,10,carrot,carrot,False,True,False,6.894353538478609,31.03312658462084,0.0,13.413613541168594,24.138773046142234,147.8,37.4,-50.0,7.1,6,5.000000000000004,52.6,0.0,16.553448275862067,52.6,97.60000000000001,102.60000000000004,-23.9,13.8,17,0.0,52.400000000000006,0.0,16.586206896551722,52.400000000000006,86.39999999999999,86.4,-20.5,12.699999999999998,14,3.9647845128262045,15.517756237860794,43.04625768204741,110.60000000000001
pick3fail_11,blank,10,cube,carrot,False,False,False,11.739762608619078,22.009303728194748,0.0,10.601706582822393,10.26954111957567,89.4,25.900000000000002,-33.3,5.3,4,5.299999999999994,50.0,5.299999999999994,12.144827586206892,44.7,57.300000000000004,62.6,-20.699999999999996,12.8,6,0.0,50.0,0.0,11.779310344827586,50.0,86.50000000000001,86.5,-17.4,10.299999999999997,15,5.67992086953969,11.50861483795229,34.98984703985856,77.73333333333335
pick3fail_11,blank,20,bottle,carrot,False,False,False,3.8351140868863176,37.25566023188126,0.0,12.062711272347862,33.420546144994944,221.2,50.5,-50.0,10.0,6,4.799999999999994,50.0,4.5000000000000036,12.862068965517238,45.5,52.300000000000004,57.099999999999994,-31.000000000000007,18.299999999999994,7,0.0,47.8,0.0,11.799999999999999,47.8,60.19999999999999,60.19999999999999,-27.799999999999997,17.4,12,2.878371362295437,12.2415934126217,42.24018204833165,111.23333333333332
pick3fail_11,blank,20,carrot,carrot,False,True,False,1.6023219062508371,38.857244079124,0.0,16.16367643230709,37.254922172873165,280.1,60.2,-50.0,13.3,8,5.299999999999994,52.6,0.0,16.655172413793103,52.6,71.4,76.69999999999999,-29.100000000000005,16.700000000000003,7,0.0,52.400000000000006,0.0,17.372413793103448,52.400000000000006,69.3,69.3,-22.000000000000004,12.699999999999998,10,2.300773968750277,16.730420879734545,47.41830739095772,140.26666666666668
pick3fail_11,blank,20,cube,carrot,False,False,False,3.0575942050499876,31.73218348628125,0.0,11.308072173565401,28.674589281231263,227.9,42.0,-50.0,10.0,6,5.299999999999994,52.400000000000006,5.299999999999994,12.513793103448272,47.10000000000001,56.80000000000002,62.10000000000001,-37.4,16.799999999999994,5,0.0,52.2,0.0,12.10344827586207,52.2,69.9,69.9,-32.2,19.7,9,2.7858647350166605,11.975104517625248,42.658196427077094,118.20000000000002
pick3fail_12_bottle,blank,10,bottle,bottle,False,True,False,14.842608155870462,37.52811868680719,0.0,19.543676220049967,22.685510530936728,122.1,60.400000000000006,-33.3,10.0,7,5.000000000000004,66.7,4.799999999999994,24.79142857142857,61.900000000000006,87.7000000000001,92.70000000000012,-37.4,14.3,18,10.0,57.10000000000001,0.0,24.934285714285714,47.10000000000001,60.89999999999999,70.9,-11.399999999999999,7.600000000000001,18,9.947536051956822,23.08979683525475,43.895170176978915,90.23333333333336
pick3fail_12_bottle,blank,10,carrot,bottle,False,False,False,4.935048297397976,39.480386379183805,0.0,9.867802921995375,34.54533808178583,178.2,49.900000000000006,-50.0,16.7,6,4.5000000000000036,66.7,4.5000000000000036,21.407142857142855,62.2,93.29999999999997,97.8,-33.400000000000006,19.100000000000005,17,3.8,50.0,0.0,15.568571428571428,46.2,62.8,66.60000000000002,-12.0,9.799999999999997,20,4.411682765799326,15.614505735903219,47.64844602726195,111.43333333333332
pick3fail_12_bottle,blank,10,cube,bottle,False,False,False,4.178960217986489,41.76871782095442,0.0,10.59326540035196,37.589757602967936,212.8,57.20000000000001,-50.0,7.7,8,5.299999999999994,52.2,5.000000000000004,16.43142857142857,47.199999999999996,91.89999999999998,97.19999999999996,-26.200000000000003,9.499999999999996,18,4.2,40.0,0.0,15.565714285714286,35.8,56.699999999999996,60.9,-13.899999999999995,5.8,15,4.559653405995494,14.196802752498272,40.196585867655976,120.46666666666667
pick3fail_12_bottle,blank,20,bottle,bottle,False,True,False,18.98074117235334,51.56408903111475,0.0,26.69409716684397,32.58334785876141,115.9,88.8,-25.0,12.5,7,4.799999999999994,60.0,4.799999999999994,24.82857142857143,55.2,59.900000000000006,64.7,-42.099999999999994,7.699999999999996,7,10.0,52.400000000000006,0.0,25.04,42.400000000000006,50.30000000000001,60.300000000000004,-15.0,6.5,6,11.260247057451112,25.520889531805132,43.3944492862538,75.36666666666667
pick3fail_12_bottle,blank,20,carrot,bottle,False,False,False,4.943634912942346,57.863705274026735,0.0,23.253370903147623,52.92007036108439,257.9,99.7,-50.0,16.7,8,4.799999999999994,69.6,4.5000000000000036,21.617142857142856,65.1,82.10000000000002,86.90000000000003,-56.7,13.600000000000001,10,3.8,50.0,0.0,15.24,46.2,62.8,66.60000000000001,-25.0,9.999999999999998,9,4.51454497098078,20.036837920096826,54.740023453694796,134.26666666666665
pick3fail_12_bottle,blank,20,cube,bottle,False,False,False,25.664071319043618,53.788536487281704,0.0,25.962370299863064,32.03688246723579,147.5,98.79999999999998,-50.0,7.7,5,5.000000000000004,50.0,4.799999999999994,16.865714285714283,45.2,74.5,79.50000000000001,-38.9,23.799999999999997,8,4.3,40.0,0.0,15.428571428571429,36.2,45.699999999999996,50.00000000000001,-21.799999999999997,9.600000000000003,7,11.654690439681207,19.41888533804959,37.81229415574526,89.23333333333333
pick3fail_13_cube,blank,10,bottle,cube,False,False,False,1.0318409804338875,13.751004237,0.0,7.89897276951037,12.719163256566112,228.3,17.900000000000002,-50.0,4.8,7,4.799999999999994,29.200000000000003,4.799999999999994,9.914492753623188,24.40000000000001,56.90000000000009,61.70000000000009,-9.499999999999996,6.300000000000006,21,0.0,30.8,0.0,11.130434782608695,30.8,52.2,52.2,-6.899999999999995,5.800000000000001,23,1.9439469934779603,9.647966768580751,22.63972108552204,112.4666666666667
pick3fail_13_cube,blank,10,carrot,cube,False,False,False,0.7571997064975342,9.6911890625,0.0,4.592598830208355,8.933989356002465,308.3,15.0,-50.0,5.0,9,5.000000000000004,47.4,4.799999999999994,11.181159420289854,42.60000000000001,79.80000000000007,84.80000000000008,-15.800000000000002,14.100000000000001,21,4.2,26.899999999999995,0.0,11.84927536231884,22.699999999999996,56.99999999999999,61.199999999999974,-8.299999999999999,6.899999999999995,21,3.319066568832513,9.207677870939015,24.74466311866749,148.3666666666667
pick3fail_13_cube,blank,10,cube,cube,False,True,False,2.9662453847345294,34.800559762210845,0.0,19.840480651780744,31.834314377476318,211.8,48.1,-50.0,13.3,8,5.299999999999994,50.0,5.299999999999994,19.413043478260867,44.7,67.0,72.30000000000001,-13.8,9.100000000000009,19,4.8,47.6,0.0,20.98695652173913,43.1,59.20000000000002,64.00000000000001,-13.299999999999995,7.100000000000007,14,4.355415128244841,20.080160217260246,39.87810479249211,112.66666666666667
pick3fail_13_cube,blank,20,bottle,cube,False,False,False,3.0411282777863313,32.80809158387942,0.0,13.383194008424717,29.766963306093086,216.60000000000002,43.300000000000004,-50.0,6.2,7,4.799999999999994,25.0,4.5000000000000036,9.66,20.499999999999996,25.700000000000003,30.499999999999993,-5.200000000000005,7.699999999999996,9,0.0,30.8,0.0,11.414285714285715,30.8,36.5,36.50000000000001,-10.199999999999998,10.799999999999999,10,2.613709425928775,11.48582657423681,27.02232110203103,92.93333333333334
pick3fail_13_cube,blank,20,carrot,cube,False,False,False,1.3179194201808309,18.9666625,0.0,9.811441346890422,17.64874307981917,303.3,30.0,-50.0,10.0,9,4.799999999999994,38.1,4.799999999999994,10.765714285714287,33.30000000000001,56.20000000000001,61.00000000000001,-14.600000000000001,13.100000000000001,12,4.2,26.1,0.0,11.802857142857142,21.900000000000002,38.599999999999994,42.8,-8.700000000000003,8.300000000000002,10,3.439306473393608,10.793337591820617,24.282914359939728,132.70000000000002
pick3fail_13_cube,blank,20,cube,cube,False,True,False,10.00600488114679,51.45431853347957,0.0,24.851502552943227,41.448313652332786,149.2,76.10000000000001,-50.0,13.3,6,5.299999999999994,50.0,5.299999999999994,18.851428571428567,44.7,57.4,62.7,-16.700000000000003,13.8,9,4.8,47.6,0.0,20.565714285714286,43.1,54.100000000000016,58.900000000000006,-10.299999999999997,8.800000000000008,9,6.7020016270489275,21.422881803362028,43.08277121744426,86.9
pick3fail_2_cube,blank,10,bottle,cube,False,False,False,2.4012,5.0,0.0,2.289038709677419,2.5988,96.6,5.0,-33.3,5.0,4,5.000000000000004,33.3,4.799999999999994,9.61774193548387,28.500000000000004,58.60000000000005,63.600000000000044,-9.299999999999997,8.299999999999997,17,0.0,25.0,0.0,8.646774193548387,25.0,38.7,38.7,-7.600000000000001,5.800000000000001,12,2.467066666666668,6.851184946236559,18.6996,64.63333333333335
pick3fail_2_cube,blank,10,carrot,cube,False,False,False,4.39614,8.141,0.0,4.537829032258064,3.74486,100.0,10.3,-25.0,5.3,5,4.799999999999994,47.599999999999994,4.799999999999994,10.732258064516127,42.8,64.20000000000005,69.00000000000006,-14.3,14.3,16,0.0,37.5,0.0,9.924193548387096,37.5,51.000000000000014,51.00000000000001,-10.299999999999997,11.399999999999999,17,3.065379999999998,8.398093548387095,28.01495333333333,71.73333333333335
pick3fail_2_cube,blank,10,cube,cube,False,True,False,4.187510147010776,32.694486925787636,0.0,10.234581623370115,28.50697677877686,179.39999999999998,38.3,-33.3,7.7,8,5.299999999999994,47.4,5.299999999999994,13.73064516129032,42.10000000000001,73.80000000000003,79.10000000000004,-14.100000000000001,14.100000000000001,16,0.0,47.6,0.0,12.22258064516129,47.6,73.9,73.9,-14.300000000000008,14.300000000000008,14,3.162503382336923,12.062602476607243,39.40232559292562,109.03333333333333
pick3fail_2_cube,blank,20,bottle,cube,False,False,False,2.834746817161229,15.549059315164799,0.0,6.416424143332753,12.71431249800357,195.8,23.900000000000002,-50.0,5.0,7,5.000000000000004,31.599999999999994,4.799999999999994,9.541935483870967,26.8,43.500000000000014,48.500000000000014,-12.7,9.299999999999997,10,0.0,25.0,0.0,8.603225806451613,25.0,31.000000000000004,31.0,-10.0,10.0,7,2.6115822723870776,8.187195144551778,21.50477083266786,90.10000000000001
pick3fail_2_cube,blank,20,carrot,cube,False,False,False,2.89221892573888,16.028015625,0.0,7.578138052098747,13.135796699261117,242.0,29.5,-50.0,5.0,9,5.000000000000004,33.3,4.799999999999994,10.661290322580644,28.500000000000004,45.69999999999998,50.699999999999996,-13.900000000000002,14.3,11,0.0,36.4,0.0,9.787096774193548,36.4,40.8,40.8,-10.299999999999997,19.0,10,2.6307396419129616,9.342175049624313,26.01193223308704,109.5
pick3fail_2_cube,blank,20,cube,cube,False,True,False,3.4860415117732817,25.2115179254848,0.0,11.747299512011883,21.72547641371152,236.89999999999998,45.6,-50.0,6.7,10,5.299999999999994,47.4,5.299999999999994,13.632258064516126,42.10000000000001,65.39999999999999,70.7,-14.100000000000001,22.4,11,0.0,47.6,0.0,12.335483870967742,47.6,66.5,66.5,-14.300000000000008,24.900000000000006,12,2.9286805039244252,12.571680482498584,37.141825471237176,122.93333333333332
pick3fail_3_bottle,blank,10,bottle,bottle,False,True,False,3.1223571524814524,15.612829999999999,0.0,6.227842036298577,12.490472847518546,141.8,16.5,-33.3,6.2,7,4.799999999999994,33.3,4.799999999999994,15.158181818181816,28.500000000000004,68.10000000000005,72.90000000000005,-15.200000000000003,10.099999999999987,21,0.0,25.0,0.0,12.12,25.0,51.000000000000014,51.0,-5.700000000000001,7.600000000000001,18,2.640785717493815,11.16867461816013,21.996824282506182,86.9666666666667
pick3fail_3_bottle,blank,10,carrot,bottle,False,False,False,2.7313650000000003,9.75,0.0,3.6392810340909088,7.018635,110.8,10.0,-33.3,5.0,5,4.799999999999994,47.599999999999994,4.799999999999994,13.589090909090908,42.8,81.1,85.89999999999999,-22.4,22.599999999999998,14,4.3,36.4,0.0,11.821818181818182,32.199999999999996,57.199999999999996,61.5,-15.599999999999998,11.399999999999999,14,3.9437883333333312,9.683396708333333,27.339544999999998,83.03333333333333
pick3fail_3_bottle,blank,10,cube,bottle,False,False,False,10.007345390625,17.79083625,0.0,6.854707002840909,7.783490859375002,75.0,21.4,-25.0,11.1,3,5.299999999999994,73.7,5.000000000000004,16.339999999999996,68.4,129.1,134.39999999999998,-41.7,40.400000000000006,14,0.0,68.2,0.0,15.261818181818182,68.2,99.59999999999998,99.60000000000001,-40.099999999999994,30.300000000000004,16,5.1024484635416645,12.818841728219695,48.127830286458334,101.23333333333332
pick3fail_3_bottle,blank,20,bottle,bottle,False,True,False,1.6501475647936088,10.035,0.0,4.628451435875261,8.38485243520639,235.90000000000003,15.100000000000001,-40.0,5.3,9,5.000000000000004,33.3,4.799999999999994,15.357142857142856,28.500000000000004,42.600000000000016,47.60000000000002,-13.900000000000002,11.00000000000001,8,0.0,26.1,0.0,12.092857142857143,26.1,36.1,36.1,-7.500000000000001,9.4,8,2.2167158549312043,10.692817145291754,20.994950811735464,104.86666666666669
pick3fail_3_bottle,blank,20,carrot,bottle,False,False,False,4.010122605303016,14.082,0.0,7.759677152964218,10.071877394696985,150.89999999999998,19.8,-33.3,5.0,6,5.000000000000004,50.0,4.799999999999994,13.97857142857143,44.99999999999999,71.5,76.50000000000001,-23.7,28.900000000000002,9,4.2,33.3,0.0,11.964285714285714,29.099999999999998,42.39999999999999,46.599999999999994,-12.499999999999995,16.599999999999998,10,4.403374201767673,11.23417809860712,28.057292464898993,88.26666666666665
pick3fail_3_bottle,blank,20,cube,bottle,False,False,False,6.816445362476216,20.428902078125,0.0,7.461824096469932,13.612456715648783,141.6,26.4,-33.3,11.1,5,5.299999999999994,66.7,5.299999999999994,16.27142857142857,61.400000000000006,85.70000000000003,91.0,-45.60000000000001,31.300000000000004,6,0.0,68.2,0.0,15.935714285714287,68.2,71.2,71.2,-40.9,32.2,8,4.0388151208254035,13.222988984537595,47.73748557188293,99.50000000000001
pick3fail_4,blank,10,bottle,carrot,False,False,False,51.519744617245244,51.519744617245244,0.0,11.91460534220353,3.59375,150.0,71.3,-50.0,16.7,4,0.0,80.0,0.0,20.99230769230769,80.0,158.00000000000009,158.00000000000009,-59.699999999999996,16.700000000000003,30,40.0,66.7,0.0,23.463736263736262,32.1,99.89999999999999,139.90000000000003,-17.899999999999995,14.600000000000001,28,30.506581539081747,18.790216432749162,38.56458333333333,135.9666666666667
pick3fail_4,blank,10,carrot,carrot,False,True,False,35.42051100903442,35.42051100903442,0.0,20.9112294039689,18.950004279368542,110.3,69.7,-28.6,16.7,5,89.5,100.0,4.799999999999994,37.58131868131868,36.3,110.90000000000005,200.40000000000003,-21.099999999999998,15.000000000000002,18,95.2,95.2,0.0,37.20989010989011,32.9,76.60000000000002,171.80000000000004,-18.299999999999997,15.099999999999996,19,73.37350366967814,31.900812731725896,29.383334759789513,99.2666666666667
pick3fail_4,blank,10,cube,carrot,False,False,False,66.74983696494591,66.74983696494591,0.0,15.654341544815992,2.9512399168000005,160.0,106.8,-50.0,25.0,6,0.0,100.0,0.0,28.439560439560438,100.0,361.1,361.1,-100.0,100.0,23,96.2,96.2,0.0,34.4,33.8,119.00000000000001,215.20000000000002,-25.799999999999994,13.0,23,54.31661232164864,26.164633994792144,45.583746638933334,213.36666666666667
pick3fail_4,blank,20,bottle,carrot,False,False,False,64.30054028313324,65.43269279656144,0.0,23.49864079571822,10.50218669741345,220.9,138.29999999999998,-50.0,14.3,8,4.5000000000000036,75.0,0.0,20.423913043478258,75.0,114.10000000000004,118.60000000000004,-64.5,16.700000000000003,13,40.0,66.7,0.0,24.452173913043477,26.700000000000003,78.1,118.09999999999998,-22.299999999999997,18.099999999999998,14,36.26684676104442,22.79157591741332,37.40072889913782,137.70000000000002
pick3fail_4,blank,20,carrot,carrot,False,True,False,83.7905486065741,83.7905486065741,0.0,33.62404385916185,20.868515364191538,191.0,222.10000000000002,-50.0,33.3,8,90.0,100.0,4.799999999999994,38.449999999999996,36.3,68.7,158.70000000000002,-29.800000000000004,20.499999999999996,9,95.2,95.2,0.0,38.06956521739131,32.9,54.80000000000001,150.0,-27.900000000000002,19.699999999999996,10,89.66351620219137,36.71453635885105,30.02283845473051,104.83333333333334
pick3fail_4,blank,20,cube,carrot,False,False,False,83.07032932617038,83.07032932617038,0.0,32.736675817555486,27.206150124610005,161.7,217.60000000000002,-66.7,33.3,4,0.0,100.0,0.0,30.989130434782606,100.0,236.1,236.1,-100.0,100.0,12,96.2,96.2,0.0,36.082608695652176,33.8,69.40000000000002,165.60000000000002,-33.8,20.799999999999997,10,59.7567764420568,33.269471649330086,53.668716708203334,155.73333333333335
pick3fail_5_cube,blank,10,bottle,cube,False,False,False,70.58104914060957,70.58104914060957,0.0,19.562553822783848,4.995040337105452,176.6,124.5,-60.0,33.3,4,0.0,66.7,0.0,16.24019607843137,66.7,142.10000000000002,142.10000000000005,-18.900000000000006,12.4,27,88.0,95.8,0.0,25.350980392156863,18.500000000000007,87.4,175.4,-10.0,35.199999999999996,21,52.86034971353652,20.38457676445736,30.065013445701823,135.36666666666667
pick3fail_5_cube,blank,10,carrot,cube,False,False,False,39.73404785364204,42.22534309632523,0.0,18.602288806073123,8.2699844,105.9,69.3,-50.0,12.5,3,4.799999999999994,75.0,4.799999999999994,21.227450980392156,70.2,300.0,304.79999999999995,-60.0,60.0,25,85.0,85.0,0.0,26.516666666666666,35.0,137.49999999999994,222.49999999999997,-20.899999999999995,35.0,25,43.17801595121401,22.11546881771065,37.823328133333334,181.13333333333333
pick3fail_5_cube,blank,10,cube,cube,False,True,False,77.95774762357301,77.95774762357301,0.0,28.56790546105619,11.788099892852223,145.6,172.7,-50.0,50.0,5,100.0,100.0,5.900000000000006,40.85,35.3,130.1,230.09999999999997,-34.599999999999994,17.600000000000005,23,94.7,94.7,0.0,40.05882352941177,28.9,61.7,156.40000000000003,-22.200000000000003,10.499999999999998,8,90.88591587452434,36.492242996822654,25.32936663095074,112.46666666666667
pick3fail_5_cube,blank,20,bottle,cube,False,False,False,85.51707910019617,85.51707910019617,0.0,32.106066267319115,11.304452655677956,141.6,204.50000000000003,-50.0,25.0,4,0.0,66.7,0.0,15.654901960784313,66.7,105.60000000000004,105.60000000000004,-21.199999999999996,19.100000000000005,18,92.0,92.0,0.0,26.04901960784314,14.200000000000003,39.099999999999994,131.1,-10.0,35.199999999999996,9,59.17235970006539,24.603329278648857,30.734817551892654,95.43333333333334
pick3fail_5_cube,blank,20,carrot,cube,False,False,False,55.93265168330919,70.43533145142054,0.0,29.03955909041426,14.50267976811135,155.70000000000002,137.0,-50.0,12.5,8,4.799999999999994,75.0,4.799999999999994,21.67647058823529,70.2,187.7,192.5,-69.10000000000001,44.99999999999999,13,85.0,85.0,0.0,27.17450980392157,29.599999999999994,82.6,167.60000000000002,-24.0,36.0,16,48.57755056110306,25.96351316085704,38.10089325603712,142.0
pick3fail_5_cube,blank,20,cube,cube,False,True,False,83.22256646387812,93.09345129118506,0.0,44.71557829296316,20.690049417902117,136.5,320.20000000000005,-50.0,50.0,7,100.0,100.0,5.599999999999994,41.188235294117646,23.5,60.10000000000001,160.10000000000002,-20.799999999999997,14.700000000000003,9,94.7,94.7,0.0,40.22941176470589,25.299999999999997,37.6,132.3,-18.6,13.700000000000001,5,92.64085548795937,42.04440845059556,23.16334980596737,78.06666666666666
pick3fail_6_bottle,blank,10,bottle,bottle,False,True,False,96.75868485895474,96.75868485895474,0.0,35.95033622290262,16.543551242243858,123.3,319.1,-40.0,50.0,6,0.0,90.0,0.0,36.13012048192771,90.0,234.20000000000005,234.20000000000002,-84.2,85.0,15,95.2,95.2,0.0,38.84939759036145,23.299999999999997,55.50000000000001,150.70000000000005,-12.5,9.499999999999996,16,63.986228286318244,36.97661809839726,43.281183747414616,137.66666666666669
pick3fail_6_bottle,blank,10,carrot,bottle,False,False,False,69.97140749979732,69.97140749979732,0.0,27.937124390172386,14.540929334795466,101.7,138.9,-25.0,16.7,5,4.5000000000000036,80.0,4.200000000000004,26.179518072289156,75.8,208.20000000000002,212.70000000000005,-70.7,70.7,18,50.0,69.6,0.0,27.442168674698795,25.599999999999994,60.300000000000004,110.3,-10.7,14.499999999999996,18,41.49046916659911,27.186270379053447,38.646976444931816,123.4
pick3fail_6_bottle,blank,10,cube,bottle,False,False,False,63.82301801177797,70.91446445753107,0.0,30.75812681290391,20.803299089905696,113.4,153.6,-25.0,12.5,6,4.799999999999994,75.0,4.5000000000000036,21.40120481927711,70.5,158.0,162.79999999999998,-51.2,22.799999999999997,19,50.0,70.8,0.0,27.61566265060241,25.0,94.90000000000002,144.90000000000003,-14.79999999999999,20.799999999999997,19,39.541006003925986,26.59166476092781,38.7677663633019,122.10000000000001
pick3fail_6_bottle,blank,20,bottle,bottle,False,True,False,90.02066587580913,94.55952297879111,0.0,39.67442765597743,18.258618420821314,143.4,289.6,-50.0,50.0,6,0.0,100.0,0.0,39.58095238095238,100.0,137.9,137.9,-100.0,15.800000000000002,5,95.0,95.2,0.0,39.88809523809524,23.299999999999997,40.6,135.6,-15.0,10.7,7,61.673555291936374,39.71449175834169,47.18620614027377,107.30000000000001
pick3fail_6_bottle,blank,20,carrot,bottle,False,False,False,65.18440593088431,65.18440593088431,0.0,26.531289344741623,11.1024859715,109.30000000000001,136.6,-40.0,14.3,6,4.299999999999993,75.0,4.200000000000004,26.295238095238094,70.8,169.20000000000002,173.49999999999997,-70.7,70.8,13,50.0,66.7,0.0,28.228571428571428,16.700000000000003,32.60000000000001,82.60000000000001,-8.099999999999996,17.4,9,39.82813531029477,27.018366289517047,32.86749532383333,103.70000000000002
pick3fail_6_bottle,blank,20,cube,bottle,False,False,False,48.738982199058285,65.05753446135121,0.0,29.799406263305688,17.26420271597774,99.2,135.29999999999998,-28.6,12.5,6,4.799999999999994,75.0,4.799999999999994,21.85238095238095,70.2,95.30000000000003,100.10000000000002,-60.0,14.3,10,50.0,69.2,0.0,28.192857142857143,23.400000000000006,67.10000000000002,117.10000000000002,-19.200000000000006,20.799999999999997,8,34.51299406635276,26.61488145284793,36.95473423865925,87.20000000000002
pick3fail_7,blank,10,bottle,carrot,False,False,False,3.14098691158575,12.628867199999998,0.0,5.942246964426566,9.48788028841425,164.3,17.7,-50.0,4.8,5,4.799999999999994,26.3,4.5000000000000036,10.04081632653061,21.500000000000007,37.90000000000005,42.70000000000004,-9.499999999999996,8.999999999999996,11,4.2,26.899999999999995,0.0,8.681632653061225,26.899999999999995,43.3,47.50000000000001,-10.0,12.599999999999994,14,4.046995637195248,8.2215653146728,19.295960096138085,81.83333333333336
pick3fail_7,blank,10,carrot,carrot,False,True,False,5.190600667459485,21.273026838837797,0.0,10.223148127817154,16.082426171378312,195.8,38.2,-50.0,10.5,6,5.000000000000004,38.9,4.799999999999994,13.648979591836735,34.10000000000001,79.50000000000004,84.50000000000006,-22.199999999999996,13.900000000000002,14,4.3,42.9,0.0,13.457142857142857,42.9,64.9,69.19999999999999,-22.799999999999997,10.0,13,4.830200222486496,12.443090192265583,31.02747539045944,113.40000000000002
pick3fail_7,blank,10,cube,carrot,False,False,False,6.804025687122948,22.866258124999998,0.0,10.182757975687952,16.06223243787705,128.5,30.3,-60.0,5.3,5,5.299999999999994,47.4,5.299999999999994,11.01836734693877,42.10000000000001,61.300000000000004,66.6,-19.599999999999994,22.4,8,4.2,52.2,0.0,11.420408163265305,52.2,88.60000000000001,92.80000000000001,-29.500000000000004,18.900000000000006,11,5.43467522904098,10.873844495297343,36.78741081262569,92.80000000000001
pick3fail_7,blank,20,bottle,carrot,False,False,False,2.23871455297222,20.9088871845325,0.0,7.104515003718988,18.67017263156028,267.7,36.8,-66.7,5.0,7,4.799999999999994,25.0,4.5000000000000036,9.908,20.200000000000006,31.400000000000013,36.20000000000001,-15.000000000000002,9.299999999999997,8,3.8,25.0,0.0,8.696,25.0,40.300000000000004,44.1,-15.800000000000002,15.0,8,3.6129048509907378,8.569505001239662,21.29005754385343,113.13333333333334
pick3fail_7,blank,20,carrot,carrot,False,True,False,3.3879546477151155,36.26159277083712,0.0,13.158197271365367,32.87363812312201,239.39999999999998,56.300000000000004,-50.0,11.8,8,4.799999999999994,42.1,4.799999999999994,13.507999999999997,37.30000000000001,63.50000000000003,68.30000000000003,-31.000000000000007,24.50000000000001,8,4.2,42.9,0.0,13.3,42.9,56.900000000000006,61.1,-29.299999999999997,17.9,7,4.129318215905037,13.322065757121788,37.69121270770734,119.93333333333334
pick3fail_7,blank,20,cube,carrot,False,False,False,5.124886592273928,24.29708397625,0.0,10.321070527361293,19.172197383976073,212.5,48.0,-66.7,10.0,5,5.299999999999994,47.4,5.299999999999994,11.155999999999995,42.10000000000001,52.6,57.89999999999999,-23.9,23.9,5,0.0,52.2,0.0,11.452,52.2,79.7,79.7,-29.500000000000004,26.1,8,3.4749621974246403,10.976356842453763,37.824065794658694,114.93333333333334
pick3fail_8_bottle,blank,10,bottle,bottle,False,True,False,9.774485350283358,28.969146490352042,0.0,10.007753144226157,19.941859642323877,173.39999999999998,47.0,-33.3,6.7,8,4.799999999999994,38.9,4.799999999999994,14.948148148148146,34.10000000000001,59.900000000000055,64.70000000000007,-17.800000000000004,10.7,18,3.8,36.4,0.0,14.648148148148147,32.6,67.3,71.1,-13.299999999999995,8.299999999999997,12,6.1248284500944505,13.201349813507484,28.880619880774628,100.20000000000002
pick3fail_8_bottle,blank,10,carrot,bottle,False,False,False,10.38511265285168,22.866258124999998,0.0,9.252645171514827,17.146835311484374,142.6,35.3,-50.0,10.0,5,4.799999999999994,47.599999999999994,4.799999999999994,12.34259259259259,42.8,77.90000000000005,82.70000000000005,-28.6,28.400000000000002,12,3.8,40.0,0.0,10.785185185185185,36.4,46.5,50.3,-15.0,20.0,11,6.328370884283891,10.793474316430867,32.11561177049479,89.00000000000001
pick3fail_8_bottle,blank,10,cube,bottle,False,False,False,4.047194398924956,17.90541488128,0.0,5.825567058071589,13.858220482355042,193.3,28.4,-50.0,7.1,6,5.299999999999994,47.4,5.299999999999994,11.411111111111106,42.10000000000001,68.9,74.2,-15.800000000000002,22.4,10,3.8,36.4,0.0,11.2,32.6,52.39999999999999,56.19999999999999,-15.0,14.299999999999995,10,4.382398132974983,9.478892723060898,29.519406827451682,104.86666666666667
pick3fail_8_bottle,blank,20,bottle,bottle,False,True,False,10.221016845409462,29.916770249822854,0.0,14.134036449627617,19.69575340441339,167.60000000000002,54.9,-33.3,6.7,7,4.799999999999994,33.3,4.5000000000000036,14.703703703703702,28.500000000000004,44.7,49.49999999999999,-12.2,11.00000000000001,9,3.8,36.4,0.0,14.818518518518518,32.6,61.0,64.8,-16.4,13.299999999999995,8,6.273672281803152,14.552086223949946,26.931917801471133,91.10000000000001
pick3fail_8_bottle,blank,20,carrot,bottle,False,False,False,7.3241571069003255,30.166270390625005,0.0,12.929517843567597,22.84211328372468,170.8,51.1,-50.0,11.1,5,4.799999999999994,66.7,4.799999999999994,12.329629629629627,61.900000000000006,77.70000000000005,82.50000000000003,-47.70000000000001,44.50000000000001,8,3.8,30.4,0.0,10.533333333333333,26.599999999999998,34.6,38.4,-14.3,12.2,5,5.308052368966773,11.930826935510186,37.11403776124156,94.36666666666669
pick3fail_8_bottle,blank,20,cube,bottle,False,False,False,6.862637170639435,30.24140085437812,0.0,12.783301029103564,23.378763683738686,183.3,54.0,-50.0,13.3,5,5.299999999999994,47.4,5.299999999999994,11.081481481481477,42.10000000000001,52.400000000000006,57.699999999999996,-26.3,29.800000000000004,5,3.8,36.4,0.0,10.97037037037037,32.6,41.199999999999996,44.99999999999999,-15.0,16.4,6,5.32087905687981,11.611717626985136,32.6929212279129,92.30000000000001
pick3fail_9_cube,blank,10,bottle,cube,False,False,False,3.105918261748969,12.371185361600002,0.0,5.333440114917488,9.265267099851034,190.8,19.3,-50.0,5.3,7,4.5000000000000036,40.0,4.5000000000000036,11.527586206896551,35.5,74.50000000000006,79.00000000000006,-18.900000000000006,15.000000000000002,20,3.8,30.4,0.0,10.344827586206897,26.599999999999998,56.0,59.800000000000004,-17.4,7.500000000000001,15,3.801972753916324,9.068617969340313,23.78842236661701,107.10000000000002
pick3fail_9_cube,blank,10,carrot,cube,False,False,False,3.1644123465871163,25.929852134999997,0.0,9.810597769163193,22.76543978841288,209.3,37.1,-50.0,6.2,6,5.000000000000004,47.599999999999994,4.5000000000000036,13.08448275862069,43.099999999999994,86.5,91.50000000000001,-17.599999999999994,14.3,13,3.8,33.3,0.0,11.179310344827586,33.3,62.900000000000006,66.69999999999999,-12.5,10.399999999999999,14,3.9881374488623735,11.35813029087049,33.055146596137625,119.56666666666668
pick3fail_9_cube,blank,10,cube,cube,False,True,False,20.889904630088765,43.24333842234795,0.0,18.613744516318086,27.027086513967465,105.0,69.4,-50.0,10.0,4,5.299999999999994,66.7,5.299999999999994,17.784482758620687,61.400000000000006,134.8000000000001,140.10000000000008,-33.400000000000006,33.400000000000006,20,4.5,52.6,0.0,16.748275862068965,48.300000000000004,121.99999999999999,126.5,-24.8,31.800000000000004,15,10.229968210029586,17.715501045669246,45.575695504655826,120.60000000000002
pick3fail_9_cube,blank,20,bottle,cube,False,False,False,1.4212332971169588,27.860820226806926,0.0,9.564464596729616,26.439586929689966,300.4,42.800000000000004,-66.7,5.9,9,4.799999999999994,33.3,4.5000000000000036,11.331034482758618,28.799999999999994,47.100000000000016,51.90000000000001,-15.000000000000002,12.7,9,3.8,26.899999999999995,0.0,10.662068965517241,23.099999999999994,44.8,48.6,-13.0,9.3,9,3.340411099038984,10.519189348335159,26.113195643229986,130.76666666666665
pick3fail_9_cube,blank,20,carrot,cube,False,False,False,1.7299096608389144,29.950006628191005,0.0,10.578314572772099,28.22009696735209,333.3,45.6,-66.7,5.9,9,4.799999999999994,35.0,4.799999999999994,12.548275862068964,30.200000000000006,45.60000000000003,50.40000000000002,-20.000000000000007,10.7,8,3.8,30.4,0.0,11.113793103448275,26.599999999999998,41.89999999999999,45.699999999999996,-12.5,9.599999999999998,9,3.443303220279636,11.41346117942978,28.3400323224507,140.26666666666668
pick3fail_9_cube,blank,20,cube,cube,False,True,False,6.025670218697059,55.15973020383751,0.0,20.268577969929833,49.13405998514045,257.6,90.5,-50.0,13.3,8,5.599999999999994,50.0,5.299999999999994,17.16551724137931,44.7,81.00000000000001,86.60000000000001,-25.69999999999999,22.099999999999998,9,4.5,47.4,0.0,16.86551724137931,42.9,72.6,77.10000000000001,-19.900000000000002,32.4,9,5.375223406232351,18.099870817562817,45.578019995046816,137.06666666666666
pick3suc_1,blank,10,bottle,carrot,True,False,False,35.8856875,35.8856875,0.0,12.539222947761195,0.0,25.0,41.8,-25.0,14.3,1,0.0,75.0,0.0,22.880597014925375,75.0,122.20000000000003,122.20000000000005,-53.7,20.799999999999997,20,100.0,100.0,0.0,37.41492537313433,39.0,72.50000000000003,172.50000000000003,-15.000000000000002,23.100000000000005,11,45.295229166666665,24.278248445273633,38.0,73.23333333333335
pick3suc_1,blank,10,carrot,carrot,True,True,True,51.1955513257838,53.6079071474176,0.0,28.290404363052325,2.8173119999999994,24.5,73.1,-20.0,25.0,2,100.0,100.0,0.0,47.82686567164179,100.0,243.60000000000002,343.6,-100.0,100.0,11,95.5,100.0,0.0,51.65522388059701,6.399999999999999,21.699999999999974,117.19999999999993,-6.099999999999994,11.700000000000005,7,82.23185044192793,42.59083130509704,36.40577066666667,96.6
pick3suc_1,blank,10,cube,carrot,True,False,False,29.610162369999998,29.610162369999998,0.0,10.886207262537313,0.0,25.0,33.5,-25.0,11.1,1,0.0,75.0,0.0,25.00597014925373,75.0,139.60000000000002,139.60000000000005,-50.6,16.700000000000003,17,50.0,66.7,0.0,34.9134328358209,16.700000000000003,70.50000000000001,120.5,-12.900000000000011,15.199999999999998,16,26.53672079,23.601870082537314,30.566666666666666,78.36666666666667
pick3suc_1,blank,20,bottle,carrot,True,False,False,67.97917930977927,68.74514376436022,0.0,40.74912963782571,3.4372571882180125,55.0,118.5,-50.0,14.3,2,0.0,75.0,0.0,22.070588235294117,75.0,101.00000000000001,101.00000000000001,-56.599999999999994,33.400000000000006,9,100.0,100.0,0.0,39.26764705882353,29.2,39.199999999999996,139.2,-19.2,38.0,4,55.993059769926425,34.02912164398112,35.879085729406,65.06666666666666
pick3suc_1,blank,20,carrot,carrot,True,True,True,88.15681339065334,88.15681339065334,0.0,50.54184298697957,2.7560000000000002,20.0,198.8,-20.0,25.0,1,100.0,100.0,0.0,47.78235294117647,90.0,108.89999999999999,208.9,-90.0,100.0,6,95.5,100.0,0.0,53.31470588235294,4.5,10.699999999999982,106.19999999999995,-4.5000000000000036,15.099999999999996,5,94.55227113021778,50.54630060350299,32.41866666666667,46.533333333333324
pick3suc_1,blank,20,cube,carrot,True,False,False,57.29569002446795,61.674585602225996,0.0,33.783639381868426,4.378895577758044,32.1,94.00000000000001,-25.0,14.3,2,0.0,75.0,0.0,24.74411764705882,75.0,99.10000000000001,99.10000000000001,-60.0,23.599999999999998,7,50.0,60.0,0.0,35.32058823529412,10.0,29.500000000000004,79.5,-7.700000000000006,14.799999999999997,6,35.76523000815598,31.282781754740455,29.792965192586014,53.56666666666667
pick3suc_3_bottle,blank,10,bottle,bottle,True,True,True,97.62990989119322,97.62990989119322,0.0,50.81594088915061,5.2495438919241835,75.0,341.7,-50.0,50.0,3,100.0,100.0,0.0,45.57011494252873,100.0,426.5,526.5,-100.0,100.0,17,95.2,95.5,0.0,49.15287356321839,10.200000000000003,35.000000000000014,130.20000000000002,-10.20000000000001,10.499999999999998,14,97.60996996373107,48.51297646496591,38.483181297308064,178.83333333333334
pick3suc_3_bottle,blank,10,carrot,bottle,True,False,False,50.12021480551198,62.783043252012604,0.0,33.79637830138756,13.77669991764754,63.0,113.10000000000001,-14.3,16.7,7,0.0,85.7,0.0,32.00689655172414,85.7,157.00000000000003,157.00000000000006,-55.8,17.39999999999999,25,50.0,84.0,0.0,36.46781609195402,44.0,95.69999999999999,145.7,-24.0,29.799999999999994,20,33.37340493517066,34.09036364835524,47.82556663921585,105.23333333333333
pick3suc_3_bottle,blank,10,cube,bottle,True,False,False,43.552534041381854,51.17597183788648,0.0,27.7365340981708,11.937506777195573,70.7,88.49999999999999,-16.7,10.0,6,0.0,66.7,0.0,25.305747126436778,66.7,105.10000000000007,105.10000000000008,-34.900000000000006,12.6,23,50.0,69.2,0.0,33.297701149425286,23.500000000000007,99.60000000000002,149.60000000000005,-10.7,19.200000000000006,22,31.18417801379395,28.77999412467762,34.045835592398525,91.80000000000003
pick3suc_3_bottle,blank,20,bottle,bottle,True,True,True,86.26262857558311,94.58362279058481,0.0,49.98377681644765,10.173786711485164,46.5,274.5,-12.5,50.0,5,100.0,100.0,0.0,49.18863636363636,100.0,206.5,306.5,-100.0,100.0,9,95.2,95.2,0.0,50.40681818181818,2.8999999999999915,4.399999999999993,99.60000000000001,-2.8999999999999915,9.999999999999998,2,93.82087619186103,49.85974378730073,37.691262237161716,85.8
pick3suc_3_bottle,blank,20,carrot,bottle,True,False,False,60.988426853674326,66.78296725036483,0.0,37.73381966201725,12.919122072716853,86.8,136.3,-33.3,16.7,7,0.0,75.0,0.0,30.80909090909091,75.0,88.60000000000001,88.60000000000002,-70.7,12.8,7,44.4,75.0,0.0,36.163636363636364,31.0,50.29999999999999,94.69999999999999,-9.999999999999998,19.599999999999994,11,35.129475617891444,34.902182311581505,39.639707357572284,75.23333333333333
pick3suc_3_bottle,blank,20,cube,bottle,True,False,False,55.984667068886814,55.984667068886814,0.0,28.648009357371652,9.64230231159343,83.89999999999999,106.39999999999998,-16.7,10.0,6,0.0,66.7,0.0,24.552272727272722,66.7,75.50000000000003,75.50000000000003,-33.400000000000006,18.900000000000006,8,50.0,69.2,0.0,33.40909090909091,22.1,59.80000000000001,109.80000000000001,-15.399999999999997,34.6,10,35.328222356295605,28.86979099791176,32.81410077053114,73.06666666666668
pick3suc_4_cube,blank,10,bottle,cube,True,False,False,40.0239582930875,40.0239582930875,0.0,10.788106031950552,2.514872637499998,65.0,51.2,-33.3,16.7,3,4.5000000000000036,73.9,0.0,23.963235294117645,73.9,120.60000000000001,125.10000000000002,-34.8,16.700000000000003,19,50.0,65.4,0.0,30.794117647058826,15.400000000000006,41.20000000000001,91.2,-8.299999999999997,17.100000000000005,12,31.507986097695834,21.848486324375674,30.604957545833336,75.60000000000001
pick3suc_4_cube,blank,10,carrot,cube,True,False,False,32.73264250463885,34.89620736102223,0.0,14.973801150886741,5.451919999999999,57.400000000000006,49.2,-25.0,11.1,4,4.799999999999994,73.9,4.5000000000000036,25.375,69.4,137.2,142.0,-33.5,26.700000000000003,20,44.0,59.099999999999994,0.0,29.39264705882353,19.099999999999994,48.89999999999999,92.9,-8.400000000000007,15.399999999999997,20,27.17754750154628,23.247149403236758,31.317306666666667,81.16666666666666
pick3suc_4_cube,blank,10,cube,cube,True,True,True,76.87383874657907,76.87383874657907,0.0,37.35274301264986,11.007260183612864,40.0,145.8,-20.0,25.0,2,100.0,100.0,5.599999999999994,49.247058823529414,5.6000000000000085,16.70000000000005,116.70000000000006,-5.600000000000005,13.8,9,94.4,94.7,0.0,48.141176470588235,3.9000000000000057,9.799999999999995,104.2,-3.9000000000000035,6.700000000000006,7,90.42461291552635,44.91365943558917,6.835753394537626,22.166666666666682
pick3suc_4_cube,blank,20,bottle,cube,True,False,False,76.15618235933235,76.15618235933235,0.0,35.54293469360049,10.526749103804319,65.39999999999999,163.4,-33.3,16.7,3,4.5000000000000036,66.7,4.299999999999993,24.211764705882352,62.40000000000001,79.80000000000004,84.30000000000004,-37.0,18.200000000000006,8,50.0,60.0,0.0,31.126470588235296,11.899999999999999,12.399999999999995,62.39999999999999,-6.000000000000005,14.200000000000001,5,43.552060786444116,30.29372332923938,28.275583034601443,52.533333333333346
pick3suc_4_cube,blank,20,carrot,cube,True,False,False,50.031869460870105,54.175431253867046,0.0,25.229118049447262,6.082364750000002,115.39999999999999,101.7,-25.0,11.1,7,4.799999999999994,73.9,4.5000000000000036,24.902941176470588,69.4,89.5,94.3,-22.4,40.400000000000006,11,50.0,56.49999999999999,0.0,29.97058823529412,16.499999999999993,21.299999999999997,71.3,-9.999999999999998,19.6,7,34.9439564869567,26.700882487070658,30.66078825,75.39999999999999
pick3suc_4_cube,blank,20,cube,cube,True,True,True,87.31011115520387,92.48952452881765,0.0,49.29767120456697,6.879302213223372,25.6,243.9,-20.0,25.0,2,100.0,100.0,5.900000000000006,49.858823529411765,2.3000000000000043,3.0000000000000027,103.0,-2.300000000000002,11.800000000000011,2,94.1,94.7,0.0,48.67058823529412,0.6000000000000085,1.1000000000000107,95.20000000000002,-0.49999999999999906,11.7,3,93.80337038506795,49.27569432309095,3.259767404407795,9.900000000000006
